overall_rank,ticker,company,overall_score,factor_coverage,quality_score,quality_rank,fundamental_momentum_score,fundamental_momentum_rank,fundamental_momentum_method,analyst_revisions_score,analyst_revisions_rank,current_quarter_eps_estimate,eps_estimate_30d_ago,eps_revision_30d,revision_status,analyst_count,valuation_score,valuation_rank,conservative_investment_score,conservative_investment_rank,shareholder_yield_score,shareholder_yield_rank,sector,price_date,latest_quarter,latest_annual,data_status,revision_source_url,Column 1,Column 2
1,VLO,VALERO ENERGY CORP/TX,8.256698674,6,8.760869565,20,8.607668411,7,SUE + CAR3,9.865,3,16.19679,13.31476,0.2164537701,OK,17,6.779014036,39,7.539455666,24,6.115107914,61,Energy,2026-08-26,2026-06-30,2025-12-31,OK,https://finance.yahoo.com/quote/VLO/analysis/,,
2,TRV,"TRAVELERS COMPANIES, INC.",8.200387776,6,8.891304348,18,8.914241334,6,SUE + CAR3,9.352,11,6.83124,6.36583,0.07311065486,OK,24,7.847826087,22,4.260869565,93,7.604316547,38,Finance,2026-08-26,2026-06-30,2025-12-31,OK,https://finance.yahoo.com/quote/TRV/analysis/,,
3,RTX,RTX CORPORATION,8.10635726,6,9.869565217,3,7.896664487,17,SUE + CAR3,8.119,30,1.76732,1.73017,0.02147187849,OK,18,4.204564647,103,6.729630264,37,9.870503597,3,Industrials,2026-08-26,2026-06-30,2025-12-31,OK,https://finance.yahoo.com/quote/RTX/analysis/,,
4,COP,ConocoPhillips,8.092761517,6,8.369565217,26,7.549623937,22,SUE + CAR3,9.802,4,2.62383,2.387,0.09921658986,OK,16,7.433926737,26,6.627952756,40,8.251798561,28,Energy,2026-08-26,2026-06-30,2025-12-31,OK,https://finance.yahoo.com/quote/COP/analysis/,,
5,ALL,ALLSTATE CORP,7.927475161,6,9.347826087,11,7.869686069,18,SUE + CAR3,9.217,13,6.41686,5.98565,0.07204063051,OK,19,8.532608696,12,4.717391304,81,5.532374101,70,Finance,2026-08-26,2026-06-30,2025-12-31,OK,https://finance.yahoo.com/quote/ALL/analysis/,,
6,EXE,EXPAND ENERGY CORPORATION,7.754542726,6,7.260869565,43,7.576602354,20,SUE + CAR3,9.154,14,1.35951,1.28724,0.05614337653,OK,18,9.195586557,5,4.710201986,82,8.769784173,20,Energy,2026-08-26,2026-03-31,2025-12-31,OK,https://finance.yahoo.com/quote/EXE/analysis/,,
7,MPC,Marathon Petroleum Corporation,7.570236034,6,9.608695652,7,5.448741007,67,SUE + CAR3,10,1,19.48631,12.851,0.5163263559,OK,16,7.715263038,24,4.580794249,86,6.956834532,48,Energy,2026-08-26,2026-06-30,2025-12-31,OK,https://finance.yahoo.com/quote/MPC/analysis/,,
8,OXY,OCCIDENTAL PETROLEUM CORPORATION,7.440837451,6,6.02173913,62,7.438767168,25,SUE + CAR3,8.956,17,1.2801,1.24306,0.02979743536,OK,17,8.035635627,19,6.182985279,49,9.028776978,16,Energy,2026-08-26,2026-06-30,2025-12-31,OK,https://finance.yahoo.com/quote/OXY/analysis/,,
9,AFL,Aflac Incorporated,7.394649236,6,8.108695652,30,5.136036625,74,SUE + CAR3,7.084,46,1.79249,1.77848,0.007877513382,OK,12,8.206521739,18,8.695652174,5,9.223021583,13,Finance,2026-08-26,2026-06-30,2025-12-31,OK,https://finance.yahoo.com/quote/AFL/analysis/,,
10,WRB,W. R. BERKLEY CORP,7.346865437,6,8.695652174,21,6.979888816,39,SUE + CAR3,9.028,16,1.12568,1.09083,0.03194814957,OK,15,7.065217391,32,4,96,6.244604317,59,Finance,2026-08-26,2026-06-30,2025-12-31,OK,https://finance.yahoo.com/quote/WRB/analysis/,,
11,APA,APA CORPORATION,7.342958628,6,9.02173913,16,4.950376063,81,SUE + CAR3,8.182,29,1.21142,1.18568,0.02170906147,OK,21,7.945652174,20,9.869565217,1,4.561151079,85,Energy,2026-08-26,2026-06-30,2025-12-31,OK,https://finance.yahoo.com/quote/APA/analysis/,,
12,PAYX,"Paychex, Inc.",7.320888348,6,8.630434783,22,8.127207325,13,SUE + CAR3,5.266,73,1.322,1.32465,-0.002000528441,OK,16,3.56378238,119,8.403971243,14,8.316546763,27,Industrials,2026-08-26,2026-05-31,2026-05-31,OK,https://finance.yahoo.com/quote/PAYX/analysis/,,
13,BMY,BRISTOL-MYERS SQUIBB COMPANY,7.251748122,6,5.956521739,63,6.356196861,48,SUE + CAR3,9.415,10,1.73265,1.61382,0.07363274715,OK,20,6.174152687,46,8.430931188,13,8.834532374,19,Health Care,2026-08-26,2026-06-30,2025-12-31,OK,https://finance.yahoo.com/quote/BMY/analysis/,,
14,TAP,Molson Coors Beverage Company,7.183888678,6,9.47826087,9,5.873773708,58,SUE + CAR3,3.52,100,1.48479,1.51626,-0.02075501563,OK,16,7.37670889,28,7.909448819,18,9.54676259,8,Consumer Staples,2026-08-26,2026-06-30,2025-12-31,OK,https://finance.yahoo.com/quote/TAP/analysis/,,
15,HIG,"The Hartford Insurance Group, Inc.",7.181994393,6,8.304347826,27,7.943263571,15,SUE + CAR3,4.168,90,3.05962,3.08978,-0.009761212772,OK,21,8.467391304,15,5.239130435,68,8.122302158,30,Finance,2026-08-26,2026-06-30,2025-12-31,OK,https://finance.yahoo.com/quote/HIG/analysis/,,
16,KO,COCA COLA CO,7.140024004,6,9.673913043,6,8.379087639,10,SUE + CAR3,6.562,54,0.87893,0.87688,0.002337834139,OK,18,2.750513523,134,6.745292708,36,4.302158273,89,Consumer Staples,2026-08-26,2026-04-03,2025-12-31,OK,https://finance.yahoo.com/quote/KO/analysis/,,
17,DGX,Quest Diagnostics Inc,7.114478573,6,4.586956522,84,9.700049052,2,SUE + CAR3,8.308,27,2.86335,2.80119,0.02219056901,OK,13,5.281647267,76,6.860321808,33,7.28057554,43,Health Care,2026-08-26,2026-06-30,2025-12-31,OK,https://finance.yahoo.com/quote/DGX/analysis/,,
18,MA,Mastercard Incorporated,7.072670846,6,9.934782609,2,8.510791367,8,SUE + CAR3,6.949,48,5.14922,5.11399,0.006888945813,OK,30,2.287906539,137,4.814190346,77,4.625899281,84,Consumer Discretionary,2026-08-26,2026-06-30,2025-12-31,OK,https://finance.yahoo.com/quote/MA/analysis/,,
19,FIS,"Fidelity National Information Services, Inc.",6.939552847,6,9.086956522,15,4.311723349,100,SUE + CAR3,3.196,105,1.60178,1.64991,-0.02917128813,OK,24,8.987393016,7,8.786545704,4,9.741007194,5,Consumer Discretionary,2026-08-26,2026-06-30,2025-12-31,OK,https://finance.yahoo.com/quote/FIS/analysis/,,
20,GD,GENERAL DYNAMICS CORPORATION,6.816954233,6,6.804347826,50,7.300931982,29,SUE + CAR3,7.858,34,4.13652,4.06828,0.0167736734,OK,17,5.813337327,55,7.065730914,28,4.949640288,79,Industrials,2026-08-26,2019-12-31,2025-12-31,OK,https://finance.yahoo.com/quote/GD/analysis/,,
21,VZ,VERIZON COMMUNICATIONS INC,6.77525893,6,7.847826087,34,5.897318509,57,SUE + CAR3,5.464,70,1.28314,1.28485,-0.001330894657,OK,18,8.46983339,14,5.456864088,65,7.928057554,33,Telecommunications,2026-08-26,2026-06-30,2025-12-31,OK,https://finance.yahoo.com/quote/VZ/analysis/,,
22,CINF,CINCINNATI FINANCIAL CORPORATION,6.717131117,6,8.565217391,23,7.039731851,37,SUE + CAR3,6.175,60,1.89041,1.88901,0.0007411289511,OK,7,9.02173913,6,2.173913043,125,4.884892086,80,Finance,2026-08-26,2026-06-30,2025-12-31,OK,https://finance.yahoo.com/quote/CINF/analysis/,,
23,ACGL,ARCH CAPITAL GROUP LTD.,6.701103625,6,8.5,24,5.256703728,69,SUE + CAR3,6.301,58,1.84354,1.84109,0.001330733424,OK,18,9.47826087,3,2.434782609,122,7.992805755,32,Finance,2026-08-26,2026-06-30,2025-12-31,OK,https://finance.yahoo.com/quote/ACGL/analysis/,,
24,CF,"CF INDUSTRIES HOLDINGS, INC.",6.657973605,6,9.217391304,13,7.275425114,31,SUE + CAR3,1.126,137,3.01236,4.43814,-0.3212562019,OK,6,7.428640306,27,4.731256419,80,8.964028777,17,Industrials,2026-08-26,2026-06-30,2025-12-31,OK,https://finance.yahoo.com/quote/CF/analysis/,,
25,JKHY,"JACK HENRY & ASSOCIATES, INC.",6.592637951,6,5.304347826,73,8.491661216,9,SUE + CAR3,8.569,23,2.02444,1.975,0.02503291139,OK,9,4.614860778,92,6.84594317,34,3.978417266,94,Technology,2026-08-26,2026-03-31,2025-06-30,OK,https://finance.yahoo.com/quote/JKHY/analysis/,,
26,KHC,Kraft Heinz Co,6.583717866,6,9.739130435,5,4.378188358,99,SUE + CAR3,1.576,130,0.42754,0.46742,-0.08531941295,OK,15,6.809140705,37,9.158079425,2,9.158273381,14,Consumer Staples,2026-08-26,2026-06-27,2025-12-27,OK,https://finance.yahoo.com/quote/KHC/analysis/,,
27,CB,CHUBB LIMITED,6.582374783,6,6.934782609,48,6.430019621,45,SUE + CAR3,7.732,36,6.34247,6.2605,0.01309320342,OK,22,8.5,13,3.086956522,109,5.985611511,63,Finance,2026-08-26,2026-03-31,2025-12-31,OK,https://finance.yahoo.com/quote/CB/analysis/,,
28,MDT,Medtronic plc,6.503274879,6,5.630434783,68,8.206916285,12,SUE + CAR3,6.049,62,1.38739,1.38719,0.0001441763565,OK,24,5.460604245,67,7.264207463,27,5.597122302,69,Health Care,2026-08-26,2026-04-24,2026-04-24,OK,https://finance.yahoo.com/quote/MDT/analysis/,,
29,DG,DOLLAR GENERAL CORP,6.455773722,6,6.543478261,54,4.253597122,102,SUE + CAR3,6.625,53,2.00218,1.99744,0.002373037488,OK,20,7.528574689,25,6.666210202,39,9.676258993,6,Consumer Discretionary,2026-08-26,2026-05-01,2026-01-30,OK,https://finance.yahoo.com/quote/DG/analysis/,,
30,BRK-B,BERKSHIRE HATHAWAY INC,6.39930685,6,7.391304348,41,4.949640288,82,CAR3 only,8.632,22,5.13264,5.00662,0.02517067403,THIN COVERAGE,2,8.565217391,11,5.565217391,61,2.748201439,113,,2026-08-26,2010-09-30,2025-12-31,OK,https://finance.yahoo.com/quote/BRK-B/analysis/,,
31,LMT,LOCKHEED MARTIN CORPORATION,6.386752149,6,6.608695652,53,9.18353499,5,SUE + CAR3,3.646,98,7.47162,7.59833,-0.01667603276,OK,18,5.641412758,63,5.175967135,69,5.661870504,68,Industrials,2026-08-26,2026-06-28,2025-12-31,OK,https://finance.yahoo.com/quote/LMT/analysis/,,
32,REGN,"REGENERON PHARMACEUTICALS, INC.",6.340060382,6,5.369565217,72,5.926258993,55,SUE + CAR3,9.928,2,15.99714,13.11533,0.2197283637,OK,21,5.051258131,82,5.521824718,63,6.179856115,60,Health Care,2026-08-26,2026-06-30,2025-12-31,OK,https://finance.yahoo.com/quote/REGN/analysis/,,
33,LDOS,"Leidos Holdings, Inc.",6.335550881,6,8.173913043,29,6.03883257,52,SUE + CAR3,2.746,112,3.049,3.17254,-0.03894040737,OK,14,7.908053749,21,7.611348853,22,5.402877698,72,Technology,2026-08-26,2026-07-03,2026-01-02,OK,https://finance.yahoo.com/quote/LDOS/analysis/,,
34,OKE,ONEOK INC /NEW/,6.253134844,6,3.282608696,104,7.47089601,23,SUE + CAR3,8.056,31,1.50057,1.4711,0.02003262865,OK,13,6.567990414,43,5.567528244,60,7.863309353,34,Utilities,2026-08-26,2026-06-30,2025-12-31,OK,https://finance.yahoo.com/quote/OKE/analysis/,,
35,TYL,"TYLER TECHNOLOGIES, INC.",6.242682969,6,6.086956522,61,7.443672335,24,SUE + CAR3,8.38,26,3.46679,3.38956,0.02278466822,OK,22,3.74186637,117,6.55066758,42,2.877697842,111,Technology,2026-08-26,2026-06-30,2025-12-31,OK,https://finance.yahoo.com/quote/TYL/analysis/,,
36,ICE,"Intercontinental Exchange, Inc.",6.217535682,6,4.717391304,82,5.95765206,54,SUE + CAR3,8.767,20,1.93033,1.88059,0.02644914628,OK,10,5.076086957,81,9.02173913,3,4.690647482,83,Finance,2026-08-26,2026-06-30,2025-12-31,OK,https://finance.yahoo.com/quote/ICE/analysis/,,
37,GIS,"General Mills, Inc.",6.214501458,6,6.217391304,59,4.496402878,94,SUE + CAR3,5.338,72,0.71475,0.71593,-0.00164820583,OK,17,5.620463882,64,8.585501541,8,9.611510791,7,Consumer Staples,2026-08-26,2026-05-31,2026-05-31,OK,https://finance.yahoo.com/quote/GIS/analysis/,,
38,EOG,"EOG RESOURCES, INC.",6.211113021,6,7.97826087,32,5.119849575,77,SUE + CAR3,7.984,32,4.06205,3.98906,0.01829754378,OK,24,7.126086957,30,3.47826087,100,3.848920863,96,Energy,2026-08-26,2026-06-30,2025-12-31,OK,https://finance.yahoo.com/quote/EOG/analysis/,,
39,AIG,"American International Group, Inc.",6.205025772,6,5.434782609,71,4.493459778,95,SUE + CAR3,4.294,88,1.80789,1.82459,-0.009152741164,OK,18,8.891304348,8,8.239130435,15,9.935251799,2,Finance,2026-08-26,2026-06-30,2025-12-31,OK,https://finance.yahoo.com/quote/AIG/analysis/,,