date,VTI,XLK,XLE,XLV,VLUE,MTUM,USMV,SPHQ,AAA,AAB,BBA,BBB,CCA,DDD
2025-06-05,0.0035000000,0.0066474383,0.0098284727,-0.0009587755,0.0048792080,0.0081292116,0.0049283096,0.0067062796,0.0082385019,0.0092663605,0.0175234039,0.0173044610,0.0070017982,0.0089026056
2025-06-06,0.0057798776,0.0099189846,0.0118391446,0.0012474988,0.0077985895,0.0112982788,0.0066328486,0.0082078761,0.0153601611,0.0154764042,0.0197914156,0.0191771238,0.0094766191,0.0098085371
2025-06-09,0.0078255555,0.0128336206,0.0133458274,0.0033343268,0.0103676220,0.0138554449,0.0080834809,0.0094357516,0.0212314621,0.0204253204,0.0203173833,0.0194139251,0.0113051504,0.0101015967
2025-06-10,0.0094398332,0.0151621823,0.0141943200,0.0051493633,0.0123740657,0.0155605708,0.0091563233,0.0102512820,0.0249495015,0.0235315085,0.0190635595,0.0181082990,0.0123499336,0.0098174318
2025-06-11,0.0104651955,0.0167210125,0.0142763402,0.0065681810,0.0136499006,0.0162446930,0.0097551021,0.0105475885,0.0260189559,0.0245083498,0.0162371260,0.0155374625,0.0125434995,0.0090463389
2025-06-12,0.0107988470,0.0173882742,0.0135409349,0.0075052823,0.0140859705,0.0158263219,0.0098200495,0.0102604165,0.0244298205,0.0233740626,0.0122592641,0.0121076776,0.0118945327,0.0079179544
2025-06-13,0.0104025377,0.0171146675,0.0120010727,0.0079213665,0.0136415261,0.0143200086,0.0093336079,0.0093751039,0.0206247863,0.0204137221,0.0076947989,0.0082837138,0.0104871791,0.0065828196
2025-06-16,0.0093062415,0.0159275562,0.0097347122,0.0078261773,0.0123478024,0.0118363069,0.0083223969,0.0079289556,0.0153719813,0.0161088779,0.0031554528,0.0045155327,0.0084735041,0.0051932991
2025-06-17,0.0076053383,0.0139281272,0.0068801459,0.0072766739,0.0103053074,0.0085730391,0.0068552467,0.0060087712,0.0095820180,0.0110524727,-0.0008041721,0.0011748911,0.0060597320,0.0038862305
2025-06-18,0.0054515672,0.0112818611,0.0036259419,0.0063707143,0.0076750688,0.0047985696,0.0050374643,0.0037437362,0.0041188112,0.0058643505,-0.0037769348,-0.0014881390,0.0034874669,0.0027692941
2025-06-19,0.0030386130,0.0082032213,0.0001963067,0.0052368707,0.0046646306,0.0008285314,0.0030018517,0.0012943248,-0.0003507332,0.0011174531,-0.0055618189,-0.0033631659,0.0010115656,0.0019124722
2025-06-20,0.0005837006,0.0049360076,-0.0031668805,0.0040213605,0.0015100655,-0.0030019407,0.0008972934,-0.0011617590,-0.0034396753,-0.0027207453,-0.0061799780,-0.0044716114,-0.0011233505,0.0013452042
2025-06-23,-0.0016930492,0.0017312270,-0.0062237971,0.0028733544,-0.0015443726,-0.0063679863,-0.0011240408,-0.0034452907,-0.0050506785,-0.0053308856,-0.0058467154,-0.0049374706,-0.0027056156,0.0010590564
2025-06-24,-0.0035895344,-0.0011754399,-0.0087564339,0.0019300755,-0.0042671300,-0.0089841191,-0.0029197081,-0.0053914201,-0.0053270737,-0.0065690035,-0.0049075962,-0.0049447703,-0.0035763935,0.0010149999
2025-06-25,-0.0049408635,-0.0035844668,-0.0105866294,0.0013031206,-0.0064588990,-0.0106300061,-0.0043690320,-0.0068642629,-0.0045726311,-0.0064779337,-0.0037543783,-0.0046914643,-0.0036448718,0.0011538361
2025-06-26,-0.0056349948,-0.0053496638,-0.0115907814,0.0010673207,-0.0079690962,-0.0111705671,-0.0053830739,-0.0077688289,-0.0031687282,-0.0052804061,-0.0027400479,-0.0043490596,-0.0028973511,0.0014079810
2025-06-27,-0.0056233330,-0.0063901273,-0.0117099303,0.0012532093,-0.0087078316,-0.0105685385,-0.0059116418,-0.0080591718,-0.0015091442,-0.0033504508,-0.0021112206,-0.0040349745,-0.0013993478,0.0017127596
2025-06-30,-0.0049252737,-0.0066958726,-0.0109543250,0.0018438263,-0.0086523501,-0.0088883187,-0.0059467176,-0.0077420069,0.0000409263,-0.0011612090,-0.0019709407,-0.0038011402,0.0007095390,0.0020155624
2025-07-01,-0.0036262619,-0.0063266704,-0.0094020799,0.0027761659,-0.0078474386,-0.0062907021,-0.0055220251,-0.0068754697,0.0011677151,0.0007884367,-0.0022769488,-0.0036385276,0.0032275931,0.0022816432
2025-07-02,-0.0018695511,-0.0054042576,-0.0071920631,0.0039471353,-0.0063998505,-0.0030189324,-0.0047088196,-0.0055631478,0.0016262074,0.0020597535,-0.0028718863,-0.0034939734,0.0059087493,0.0024959219
2025-07-03,0.0001575510,-0.0040987217,-0.0045116779,0.0052234572,-0.0044673427,0.0006227019,-0.0036083365,-0.0039439647,0.0012627761,0.0023577810,-0.0035348164,-0.0032935766,0.0084845967,0.0026608116
2025-07-04,0.0022416394,-0.0026104126,-0.0015806526,0.0064545714,-0.0022434080,0.0042958269,-0.0023416429,-0.0021788831,0.0000452749,0.0015943201,-0.0040395558,-0.0029663921,0.0106886549,0.0027907179
2025-07-07,0.0041636578,-0.0011491589,0.0013676909,0.0074873043,0.0000608327,0.0076580816,-0.0010378762,-0.0004356977,-0.0019083369,-0.0000870449,-0.0042053741,-0.0024631067,0.0122807364,0.0029043774
2025-07-08,0.0057198842,0.0000871862,0.0041060048,0.0081809017,0.0022358764,0.0103936526,0.0001780026,0.0011266399,-0.0043196212,-0.0023348417,-0.0039293270,-0.0017664672,0.0130691869,0.0030165279
2025-07-09,0.0067414559,0.0009327826,0.0064315750,0.0084209868,0.0040924350,0.0122414918,0.0011967782,0.0023726791,-0.0067745478,-0.0046626692,-0.0031955823,-0.0008927928,0.0129289667,0.0031304990
2025-07-10,0.0071105710,0.0012704843,0.0081824291,0.0081311032,0.0054776899,0.0130186736,0.0019347835,0.0032027271,-0.0087919056,-0.0065587001,-0.0020637446,0.0001137411,0.0118139047,0.0032331604
2025-07-11,0.0067718213,0.0010435504,0.0092495019,0.0072807344,0.0062877513,0.0126367827,0.0023410253,0.0035615557,-0.0099282440,-0.0076081886,-0.0006435229,0.0011908076,0.0097619678,0.0032932893
2025-07-14,0.0057375768,0.0002612574,0.0095838468,0.0058890217,0.0064752502,0.0111098539,0.0024009853,0.0034427486,-0.0098960685,-0.0075995249,0.0009342912,0.0022679641,0.0068930171,0.0032638739
2025-07-15,0.0040869065,-0.0010021270,0.0091983467,0.0040238146,0.0060514663,0.0085531508,0.0021367757,0.0028883009,-0.0086612437,-0.0065858591,0.0025411922,0.0032740812,0.0033991985,0.0030882281
2025-07-16,0.0019581392,-0.0026149027,0.0081638969,0.0017961304,0.0050829167,0.0051728986,0.0016036784,0.0019835358,-0.0064853894,-0.0048835202,0.0040627981,0.0041407915,-0.0004712170,0.0027091604
2025-07-17,-0.0004642281,-0.0044012927,0.0066005389,-0.0006494646,0.0036828596,0.0012479046,0.0008834507,0.0008478524,-0.0038910859,-0.0030034890,0.0053983294,0.0048024476,-0.0044351288,0.0020798877
2025-07-18,-0.0029670257,-0.0061592962,0.0046644866,-0.0031476497,0.0019986399,-0.0028952657,0.0000750859,-0.0003777838,-0.0015491381,-0.0015293168,0.0064518633,0.0051946638,-0.0081991509,0.0011750248
2025-07-21,-0.0053286438,-0.0076813038,0.0025323525,-0.0055271171,0.0001961838,-0.0069113129,-0.0007160342,-0.0015453840,-0.0001115322,-0.0009695497,0.0071227676,0.0052542978,-0.0114852140,-0.0000001632
2025-07-22,-0.0073400738,-0.0087754669,0.0003841185,-0.0076259199,-0.0015567974,-0.0104668046,-0.0013895099,-0.0025150983,-0.0000330384,-0.0016207800,0.0073032207,0.0049234479,-0.0140549242,-0.0014039197
2025-07-23,-0.0088247522,-0.0092857387,-0.0016135144,-0.0093059532,-0.0031072400,-0.0132695989,-0.0018606838,-0.0031695210,-0.0014317807,-0.0034764052,0.0068882707,0.0041587286,-0.0157304819,-0.0029568654
2025-07-24,-0.0096553163,-0.0091086211,-0.0033218283,-0.0104652035,-0.0043312011,-0.0150944507,-0.0020697201,-0.0034257521,-0.0040312914,-0.0062059562,0.0057992012,0.0029450963,-0.0164102607,-0.0045462739
2025-07-25,-0.0097656749,-0.0082049675,-0.0046414929,-0.0110466133,-0.0051449992,-0.0158025152,-0.0019881003,-0.0032440392,-0.0072052277,-0.0092128865,0.0040154990,0.0013113851,-0.0160776244,-0.0060357229
2025-07-28,-0.0091572426,-0.0066056569,-0.0055196608,-0.0110427301,-0.0055119890,-0.0153530278,-0.0016218864,-0.0026321574,-0.0101172186,-0.0117593296,0.0016062194,-0.0006568632,-0.0148021630,-0.0072793143
2025-07-29,-0.0078987454,-0.0044105419,-0.0059521806,-0.0104957092,-0.0054443881,-0.0138061542,-0.0010114188,-0.0016450929,-0.0119209727,-0.0131295627,-0.0012504518,-0.0028122010,-0.0127332113,-0.0081389447
2025-07-30,-0.0061196141,-0.0017807138,-0.0059808388,-0.0094926806,-0.0050000653,-0.0113168096,-0.0002274679,-0.0003800494,-0.0119682815,-0.0127941598,-0.0042692675,-0.0049517755,-0.0100862134,-0.0085025656
2025-07-31,-0.0039975981,0.0010752291,-0.0056860299,-0.0081569333,-0.0042747029,-0.0081200647,0.0006357954,0.0010327543,-0.0099702899,-0.0105365541,-0.0070868125,-0.0068374167,-0.0071231438,-0.0083010667
2025-08-01,-0.0017417791,0.0039196505,-0.0051756995,-0.0066357639,-0.0033901996,-0.0045095129,0.0014703311,0.0024426211,-0.0060709701,-0.0065129361,-0.0093155811,-0.0082281252,-0.0041287386,-0.0075214212
2025-08-04,0.0004273958,0.0065073631,-0.0045717615,-0.0050861558,-0.0024805497,-0.0008106023,0.0021653339,0.0036930474,-0.0008166964,-0.0012325421,-0.0106143492,-0.0089204685,-0.0013846754,-0.0062140429
2025-08-05,0.0022991567,0.0086081189,-0.0039954293,-0.0036596575,-0.0016766737,0.0026486241,0.0026188249,0.0046371263,0.0049656921,0.0045358594,-0.0107603042,-0.0087896823,0.0008559662,-0.0044929129
2025-08-06,0.0036925248,0.0100279862,-0.0035529904,-0.0024879042,-0.0010917724,0.0055667198,0.0027485876,0.0051521994,0.0103466290,0.0099089016,-0.0097060363,-0.0078228917,0.0023916524,-0.0025278619
2025-08-07,0.0044735777,0.0106275911,-0.0033234990,-0.0016701639,-0.0008087129,0.0076953282,0.0025013634,0.0051523463,0.0144801709,0.0140522452,-0.0076063273,-0.0061362950,0.0030906656,-0.0005293595
2025-08-08,0.0045682228,0.0103354935,-0.0033496536,-0.0012640934,-0.0008707462,0.0088606152,0.0018593811,0.0045974993,0.0167546647,0.0163282013,-0.0048055020,-0.0039704887,0.0029030325,0.0012728675
2025-08-11,0.0039692584,0.0091554180,-0.0036328005,-0.0012805807,-0.0012765118,0.0089777612,0.0008435454,0.0034982920,0.0168785157,0.0163989246,-0.0017846792,-0.0016620090,0.0018650142,0.0026552010
2025-08-12,0.0027370513,0.0071666401,-0.0041325783,-0.0016831614,-0.0019798529,0.0080572808,-0.0004870729,0.0019161532,0.0148931442,0.0142689501,0.0009224581,0.0004061141,0.0000957344,0.0034266574
2025-08-13,0.0009937654,0.0045174678,-0.0047712486,-0.0023920560,-0.0028944771,0.0062026965,-0.0020394503,-0.0000413928,0.0111253367,0.0102653281,0.0028290602,0.0018674157,-0.0022137652,0.0034534312
2025-08-14,-0.0010883083,0.0014124109,-0.0054422804,-0.0032924337,-0.0039030033,0.0035998809,-0.0036941768,-0.0022297986,0.0061038403,0.0049665285,0.0035892091,0.0024378662,-0.0048180666,0.0026783650
2025-08-15,-0.0033032073,-0.0019057782,-0.0060223160,-0.0042461058,-0.0048694925,0.0004991404,-0.0053157013,-0.0044801068,0.0004671961,-0.0009003565,0.0030667621,0.0019722949,-0.0074399370,0.0011326939
2025-08-18,-0.0054309701,-0.0051775247,-0.0063853027,-0.0051055185,-0.0056541970,-0.0028082404,-0.0067643214,-0.0066139307,-0.0051174875,-0.0065721146,0.0013641287,0.0005000411,-0.0097958732,-0.0010618035
2025-08-19,-0.0072586508,-0.0081493206,-0.0064173375,-0.0057287013,-0.0061290292,-0.0060167896,-0.0079088075,-0.0084594029,-0.0100174306,-0.0113525591,-0.0011952503,-0.0017682141,-0.0116223171,-0.0037010633
2025-08-20,-0.0086006697,-0.0105959568,-0.0060306877,-0.0059937278,-0.0061921653,-0.0088344945,-0.0086384848,-0.0098666012,-0.0136827846,-0.0146936359,-0.0041269507,-0.0044654376,-0.0127001642,-0.0065170159
2025-08-21,-0.0093165634,-0.0123400345,-0.0051755140,-0.0058112982,-0.0057802667,-0.0110087793,-0.0088736368,-0.0107210040,-0.0156905685,-0.0162490316,-0.0068753410,-0.0071221811,-0.0128753343,-0.0092042871
2025-08-22,-0.0093244377,-0.0132669538,-0.0038480310,-0.0051342265,-0.0048770235,-0.0123484749,-0.0085732459,-0.0109537165,-0.0157911919,-0.0159005341,-0.0089143328,-0.0092410539,-0.0120735284,-0.0114526408
2025-08-25,-0.0086088443,-0.0133340089,-0.0020941820,-0.0039629118,-0.0035170780,-0.0127398462,-0.0077393279,-0.0105475112,-0.0139560408,-0.0137602937,-0.0098387948,-0.0103792305,-0.0103078167,-0.0129816785
2025-08-26,-0.0072223272,-0.0125727752,-0.0000083317,-0.0023462580,-0.0017848308,-0.0121553117,-0.0064174344,-0.0095381199,-0.0104139075,-0.0101522401,-0.0094293592,-0.0102246872,-0.0076783478,-0.0135738836
2025-08-27,-0.0052804928,-0.0110846136,0.0022730295,-0.0003779374,0.0001918647,-0.0106541846,-0.0046932502,-0.0080106665,-0.0056570612,-0.0055744544,-0.0076800669,-0.0086527377,-0.0043641854,-0.0131021139
2025-08-28,-0.0029510719,-0.0090297626,0.0045820864,0.0018116611,0.0022526061,-0.0083755064,-0.0026855793,-0.0060915835,-0.0003988618,-0.0006430639,-0.0047868927,-0.0057528307,-0.0006079869,-0.0115481250
2025-08-29,-0.0004380174,-0.0066110989,0.0067340693,0.0040670436,0.0042189686,-0.0055237733,-0.0005363468,-0.0039367856,0.0045247262,0.0039812027,-0.0011034953,-0.0018208331,0.0033051101,-0.0090096062
2025-09-01,0.0020378477,-0.0040541426,0.0085438928,0.0062216912,0.0059113075,-0.0023489961,0.0016014762,-0.0017172210,0.0083001885,0.0076796410,0.0029234233,0.0026818817,0.0070725024,-0.0056944367
2025-09-02,0.0042597879,-0.0015852349,0.0098435170,0.0081132759,0.0071662407,0.0008769671,0.0035769235,0.0003968291,0.0103003971,0.0099663552,0.0068242696,0.0071954615,0.0104007895,-0.0019022973
2025-09-03,0.0060357198,0.0005900193,0.0104983855,0.0095985734,0.0078531229,0.0038855529,0.0052538704,0.0022512212,0.0102274897,0.0105692165,0.0101686534,0.0111433126,0.0130316983,0.0020047666
2025-09-04,0.0072164243,0.0023059874,0.0104213504,0.0105666589,0.0078878881,0.0064357617,0.0065224867,0.0037217336,0.0081938437,0.0094842175,0.0126102501,0.0140150068,0.0147649279,0.0056399064
2025-09-05,0.0077096710,0.0034520978,0.0095827076,0.0109491355,0.0072428659,0.0083353301,0.0073082668,0.0047248705,0.0047126121,0.0069877742,0.0139111972,0.0154372013,0.0154758595,0.0086331973
2025-09-08,0.0074889087,0.0039823601,0.0080153048,0.0107264248,0.0059515346,0.0094569095,0.0075778260,0.0052246825,0.0005921576,0.0035978028,0.0139484818,0.0152221103,0.0151265328,0.0106729576
2025-09-09,0.0065956928,0.0039184371,0.0058141324,0.0099295229,0.0041076437,0.0097478591,0.0073409562,0.0052349796,-0.0032444002,-0.0000151615,0.0127086015,0.0133874326,0.0137689032,0.0115419838
2025-09-10,0.0051356209,0.0033460096,0.0031303138,0.0086370554,0.0018586625,0.0092328791,0.0066487833,0.0048167559,-0.0059708224,-0.0031533033,0.0102778181,0.0101467435,0.0115400856,0.0111444517
2025-09-11,0.0032681625,0.0024048248,0.0001599310,0.0069679111,-0.0006059499,0.0080094004,0.0055882329,0.0040711019,-0.0070461752,-0.0052291299,0.0068335303,0.0058741749,0.0086500175,0.0095201611
2025-09-12,0.0011913545,0.0012734243,-0.0028713961,0.0050701541,-0.0030706618,0.0062363251,0.0042733538,0.0031283112,-0.0063306445,-0.0058853637,0.0026385427,0.0010508692,0.0053626547,0.0068441391
2025-09-15,-0.0008771795,0.0001500630,-0.0057268508,0.0031072655,-0.0053125738,0.0041173261,0.0028343388,0.0021342502,-0.0040989651,-0.0050685698,-0.0019642509,-0.0037973840,0.0019723965,0.0034112160
2025-09-16,-0.0027210743,-0.0007683076,-0.0081780782,0.0012430197,-0.0071212284,0.0018804030,0.0014052911,0.0012353200,-0.0009501628,-0.0030370093,-0.0065623966,-0.0081618803,-0.0012221333,-0.0003931273
2025-09-17,-0.0041459467,-0.0013069264,-0.0100244160,-0.0003735709,-0.0083177165,-0.0002442896,0.0001118952,0.0005634713,0.0023590231,-0.0002981038,-0.0106960408,-0.0116042573,-0.0039445879,-0.0041327553
2025-09-18,-0.0049980205,-0.0013319334,-0.0111099798,-0.0016218188,-0.0087713124,-0.0020462037,-0.0009398518,0.0002227262,0.0051095183,0.0025119507,-0.0138960520,-0.0137961050,-0.0059652986,-0.0073675376
2025-09-19,-0.0051788762,-0.0007650612,-0.0113370679,-0.0024201500,-0.0084120796,-0.0033536947,-0.0016727998,0.0002785120,0.0067908708,0.0047789732,-0.0157378980,-0.0145427808,-0.0071213842,-0.0097016375
2025-09-22,-0.0046549210,0.0004071447,-0.0106746723,-0.0027331021,-0.0072382396,-0.0040490771,-0.0020448603,0.0007508438,0.0072045493,0.0060560119,-0.0159053253,-0.0137919489,-0.0073307701,-0.0108280929
2025-09-23,-0.0034606731,0.0021305061,-0.0091613245,-0.0025738805,-0.0053175691,-0.0040781044,-0.0020517252,0.0016120166,0.0064782947,0.0061674407,-0.0142526852,-0.0116291675,-0.0065988706,-0.0105646411
2025-09-24,-0.0016955489,0.0042871026,-0.0069020121,-0.0020022407,-0.0027826305,-0.0034531029,-0.0017258790,0.0027890390,0.0049967746,0.0052459987,-0.0108518091,-0.0082635755,-0.0050173555,-0.0088766107
2025-09-25,0.0004855417,0.0067055370,-0.0040594348,-0.0011179173,0.0001797948,-0.0022496125,-0.0011320500,0.0041705774,0.0032764996,0.0036933196,-0.0060098864,-0.0040064884,-0.0027551353,-0.0058840587
2025-09-26,0.0028868963,0.0091766232,-0.0008403832,-0.0000502379,0.0033441699,-0.0005970203,-0.0003595880,0.0056177503,0.0018251225,0.0020736397,-0.0002491321,0.0007551360,-0.0000424052,-0.0018520348
2025-09-29,0.0052906150,0.0114730174,0.0025215447,0.0010550698,0.0064652084,0.0013357595,0.0004874516,0.0069777376,0.0010240683,0.0009671663,0.0057535799,0.0055893468,0.0028507892,0.0028352872
2025-09-30,0.0074773179,0.0133709301,0.0057853447,0.0020506061,0.0092987410,0.0033580452,0.0013015199,0.0080988957,0.0010606756,0.0008196117,0.0112601533,0.0100535120,0.0056395075,0.0077140540
2025-10-01,0.0092470101,0.0146718446,0.0087224011,0.0028021442,0.0116225817,0.0052767692,0.0019829680,0.0088459244,0.0019171703,0.0018250642,0.0155827509,0.0137317089,0.0080501235,0.0122896423
2025-10-02,0.0104381050,0.0152221613,0.0111349245,0.0032021619,0.0132555320,0.0069155434,0.0024504917,0.0091136202,0.0034058399,0.0038705980,0.0181930722,0.0162737224,0.0098454101,0.0160897966
2025-10-03,0.0109427928,0.0149288707,0.0128714237,0.0031807583,0.0140728219,0.0081315393,0.0026495987,0.0088378813,0.0052287618,0.0065552739,0.0188082493,0.0174327788,0.0108462342,0.0187162010
2025-10-06,0.0107172897,0.0137697336,0.0138378806,0.0027129026,0.0140166120,0.0088285672,0.0025582637,0.0080028920,0.0070392439,0.0092776987,0.0174360215,0.0170976894,0.0109479038,0.0198887771
2025-10-07,0.0097859900,0.0117969557,0.0140037095,0.0018213141,0.0131006278,0.0089651430,0.0021892151,0.0066437714,0.0084897300,0.0113699459,0.0143697172,0.0153141277,0.0101297039,0.0194777156
2025-10-08,0.0082391255,0.0091339645,0.0134020604,0.0005746905,0.0114085292,0.0085568524,0.0015886293,0.0048444056,0.0092629452,0.0122454887,0.0101337428,0.0122898335,0.0084567754,0.0175195464
2025-10-09,0.0062241570,0.0059655424,0.0121245539,-0.0009185541,0.0090861870,0.0076729024,0.0008313582,0.0027306396,0.0090937480,0.0115271186,0.0053904082,0.0083799020,0.0060741866,0.0142152615
2025-10-10,0.0039317156,0.0025222020,0.0103110409,-0.0025204485,0.0063285897,0.0064273283,0.0000131609,0.0004594475,0.0077936679,0.0091275191,0.0008266587,0.0040509615,0.0031937542,0.0099104733
2025-10-13,0.0015774372,-0.0009397627,0.0081354302,-0.0040765560,0.0033625858,0.0049658553,-0.0007593006,-0.0017949172,0.0052864689,0.0052679031,-0.0029571433,-0.0001734246,0.0000748248,0.0050595731
2025-10-14,-0.0006185801,-0.0041607073,0.0057889717,-0.0054307516,0.0004270366,0.0034498319,-0.0013797131,-0.0038564974,0.0016529693,0.0004351893,-0.0055355839,-0.0037800321,-0.0029992306,0.0001776472
2025-10-15,-0.0024527369,-0.0069004688,0.0034625949,-0.0064402734,-0.0022478214,0.0020389237,-0.0017535016,-0.0055634785,-0.0028285512,-0.0047084579,-0.0067087264,-0.0063366712,-0.0057466741,-0.0042147010
2025-10-16,-0.0037573131,-0.0089594763,0.0013299638,-0.0069896127,-0.0044599473,0.0008743617,-0.0018082231,-0.0067828140,-0.0076679236,-0.0094414166,-0.0065085983,-0.0075552659,-0.0079128883,-0.0076476405
2025-10-17,-0.0044164212,-0.0101961777,-0.0004671931,-0.0070019113,-0.0060522606,0.0000644513,-0.0015019267,-0.0074222600,-0.0121955206,-0.0130993005,-0.0051649891,-0.0073364507,-0.0092933933,-0.0097533544
2025-10-20,-0.0043770115,-0.0105391686,-0.0018301582,-0.0064467747,-0.0069251294,-0.0003261958,-0.0008286264,-0.0074386842,-0.0156518006,-0.0151719375,-0.0030419733,-0.0057871077,-0.0097523273,-0.0103065786
2025-10-21,-0.0036538798,-0.0099929033,-0.0027097582,-0.0053437457,-0.0070435216,-0.0002826472,0.0001796855,-0.0068418713,-0.0173262538,-0.0153677264,-0.0005613332,-0.0032064101,-0.0092347377,-0.0092499174
2025-10-22,-0.0023282020,-0.0086364746,-0.0031078553,-0.0037610991,-0.0064382596,0.0001597091,0.0014547321,-0.0056934671,-0.0167186366,-0.0136412647,0.0018703646,-0.0000412461,-0.0077715974,-0.0067010615
2025-10-23,-0.0005397330,-0.0066156009,-0.0030737937,-0.0018100594,-0.0052013651,0.0009198784,0.0028972380,-0.0041011669,-0.0136816914,-0.0101873970,0.0039176625,0.0031826229,-0.0054771193,-0.0029410051
2025-10-24,0.0015265835,-0.0041285952,-0.0026962864,0.0003650192,-0.0034760268,0.0018807830,0.0043853526,-0.0022086963,-0.0085023943,-0.0054089076,0.0053478136,0.0059427483,-0.0025386398,0.0016155526
2025-10-27,0.0036583194,-0.0014076572,-0.0020916636,0.0025995889,-0.0014422106,0.0029025663,0.0057854423,-0.0001825353,-0.0018904034,0.0001342599,0.0060378403,0.0078018852,0.0007999921,0.0064644760
2025-10-28,0.0056358907,0.0013027361,-0.0013897452,0.0047237407,0.0007006805,0.0038382549,0.0069642575,0.0018033623,0.0051346053,0.0057880599,0.0059627611,0.0084757106,0.0042600009,0.0110663540
2025-10-29,0.0072535744,0.0037682985,-0.0007188146,0.0065775355,0.0027524363,0.0045501267,0.0078013332,0.0035834142,0.0114371274,0.0108757070,0.0051741075,0.0078748257,0.0075522867,0.0149046766
2025-10-30,0.0083392065,0.0057861450,-0.0001912416,0.0080253866,0.0045302065,0.0049250574,0.0082004562,0.0050153268,0.0159977319,0.0147743692,0.0037780250,0.0061140349,0.0104028240,0.0175416879
2025-10-31,0.0087706858,0.0072027582,0.0001087845,0.0089681381,0.0058845263,0.0048872294,0.0080991051,0.0059926888,0.0181261259,0.0169930439,0.0019194940,0.0034877514,0.0125765770,0.0186658148
2025-11-03,0.0084877077,0.0079270384,0.0001341775,0.0093517037,0.0067117489,0.0044068584,0.0074749585,0.0064540643,0.0176020026,0.0172443648,-0.0002253484,0.0004164519,0.0138977987,0.0181254891
2025-11-04,0.0074976099,0.0079372425,-0.0001203570,0.0091714547,0.0069618000,0.0035040049,0.0063488288,0.0063877477,0.0147088209,0.0154994796,-0.0024515063,-0.0026258090,0.0142649181,0.0159456600
2025-11-05,0.0058747718,0.0072812024,-0.0006183166,0.0084719558,0.0066406311,0.0022470432,0.0047837190,0.0058317575,0.0101541345,0.0120130685,-0.0045280261,-0.0051896780,0.0136587196,0.0123251968
2025-11-06,0.0037536244,0.0060698582,-0.0012860582,0.0073420834,0.0058072635,0.0007459150,0.0028800529,0.0048690981,0.0048999668,0.0073069345,-0.0062081635,-0.0069208265,0.0121431294,0.0076154720
2025-11-07,0.0013159372,0.0044647799,-0.0020216151,0.0059060054,0.0045658351,-0.0008591670,0.0007674933,0.0036187731,-0.0000508963,0.0021062954,-0.0072513214,-0.0076105681,0.0098585950,0.0022824783
2025-11-10,-0.0012264080,0.0026609252,-0.0027067531,0.0043108926,0.0030535348,-0.0024124197,-0.0014059209,0.0022234340,-0.0038583152,-0.0027676474,-0.0074568926,-0.0072191438,0.0070087078,-0.0031433660
2025-11-11,-0.0036515126,0.0008663316,-0.0032210105,0.0027125395,0.0014256918,-0.0037590901,-0.0034863356,0.0008348709,-0.0059907358,-0.0065341899,-0.0067049338,-0.0058694326,0.0038413270,-0.0081242314
2025-11-12,-0.0057485122,-0.0007192672,-0.0034562581,0.0012602755,-0.0001604592,-0.0047622381,-0.0053271965,-0.0004012485,-0.0062862679,-0.0085943426,-0.0049942680,-0.0038143651,0.0006259431,-0.0121724852
2025-11-13,-0.0073375770,-0.0019248164,-0.0033302524,0.0000826065,-0.0015617072,-0.0053179459,-0.0068017220,-0.0013599138,-0.0049269734,-0.0086474863,-0.0024666796,-0.0013858890,-0.0023706497,-0.0149026271
2025-11-14,-0.0082869538,-0.0026253229,-0.0027977450,-0.0007250392,-0.0026629196,-0.0053673421,-0.0078135966,-0.0019491771,-0.0023473446,-0.0067560586,0.0005927673,0.0010639008,-0.0049081726,-0.0160719283
2025-11-17,-0.0085254271,-0.0027545541,-0.0018579421,-0.0011092922,-0.0033878540,-0.0049041311,-0.0083049148,-0.0021192327,0.0008884365,-0.0033400985,0.0037846574,0.0032183403,-0.0067940308,-0.0156054179
2025-11-18,-0.0080490112,-0.0023118182,-0.0005574607,-0.0010636957,-0.0037057039,-0.0039767654,-0.0082606596,-0.0018672950,0.0042046774,0.0009016244,0.0066519301,0.0048390477,-0.0078999521,-0.0136025897
2025-11-19,-0.0069212355,-0.0013621633,0.0010116293,-0.0006289715,-0.0036327856,-0.0026849303,-0.0077093259,-0.0012378057,0.0071019392,0.0051300784,0.0087555701,0.0057899996,-0.0081726348,-0.0103252248
2025-11-20,-0.0052669970,-0.0000299701,0.0027186024,0.0001113215,-0.0032292696,-0.0011705920,-0.0067196547,-0.0003179500,0.0092045936,0.0085353340,0.0097546589,0.0060410557,-0.0076375008,-0.0061677880
2025-11-21,-0.0032605657,0.0015134470,0.0044051570,0.0010393160,-0.0025913536,0.0003955876,-0.0053938100,0.0007710852,0.0102739911,0.0104995720,0.0094735471,0.0056533275,-0.0063952780,-0.0016137547
2025-11-24,-0.0011088877,0.0030670359,0.0058997835,0.0020147297,-0.0018397294,0.0018311747,-0.0038576554,0.0018862688,0.0102025171,0.0107168607,0.0079404324,0.0047520180,-0.0046117861,0.0028172648
2025-11-25,0.0009682228,0.0044203367,0.0070340864,0.0028889798,-0.0011055656,0.0029605726,-0.0022490551,0.0028771248,0.0090043586,0.0092424424,0.0053871749,0.0034940271,-0.0025019097,0.0066257754
2025-11-26,0.0027591126,0.0053749754,0.0076595079,0.0035201608,-0.0005154700,0.0036334601,-0.0007053041,0.0036009831,0.0068114883,0.0064609024,0.0022085441,0.0020375358,-0.0003092605,0.0093858759
2025-11-27,0.0040805362,0.0057652354,0.0076628312,0.0037874448,-0.0001769963,0.0037411822,0.0006491381,0.0039376050,0.0038724500,0.0029820789,-0.0011116964,0.0005191378,0.0017165954,0.0107901902
2025-11-28,0.0047951880,0.0054756965,0.0069789297,0.0036035173,-0.0001662016,0.0032293890,0.0017134707,0.0038017647,0.0005425968,-0.0005091026,-0.0040926903,-0.0009585551,0.0033432658,0.0106814660
2025-12-01,0.0048248487,0.0044542100,0.0055994614,0.0029238484,-0.0005185534,0.0021055549,0.0024189382,0.0031525598,-0.0027478558,-0.0034120241,-0.0063468168,-0.0023288430,0.0043769201,0.0090675752
2025-12-02,0.0041578939,0.0027189180,0.0035765742,0.0017518988,-0.0012241481,0.0004404986,0.0027340264,0.0019985330,-0.0055555114,-0.0053408606,-0.0076490554,-0.0035548836,0.0046800221,0.0061184967
2025-12-03,0.0028504458,0.0003585880,0.0010211404,0.0001397507,-0.0022277678,-0.0016364017,0.0026660231,0.0003980869,-0.0075102290,-0.0061963062,-0.0079707277,-0.0046195988,0.0041838342,0.0021458565
2025-12-04,0.0010210607,-0.0024738253,-0.0019044492,-0.0018159150,-0.0034338153,-0.0039479777,0.0022588454,-0.0015448779,-0.0084073337,-0.0061642151,-0.0074711277,-0.0055156813,0.0028946101,-0.0024325053
2025-12-05,-0.0011605421,-0.0055738362,-0.0049983913,-0.0039821250,-0.0047156730,-0.0062851120,0.0015873969,-0.0036897177,-0.0082772626,-0.0056453630,-0.0064501676,-0.0062388509,0.0008929716,-0.0071388684
2025-12-08,-0.0034896374,-0.0087031499,-0.0080354705,-0.0062014280,-0.0059285783,-0.0084262116,0.0007490434,-0.0058713849,-0.0074044213,-0.0051371878,-0.0052738908,-0.0067857399,-0.0016734188,-0.0114876640
2025-12-09,-0.0057459942,-0.0116108104,-0.0107855695,-0.0083061047,-0.0069247456,-0.0101584911,-0.0001469273,-0.0079152052,-0.0062781583,-0.0050989299,-0.0042904349,-0.0071558003,-0.0046031705,-0.0150374620
2025-12-10,-0.0077148618,-0.0140558049,-0.0130330533,-0.0101334325,-0.0075692232,-0.0112990223,-0.0009908144,-0.0096527064,-0.0054783152,-0.0058336646,-0.0037554442,-0.0073550529,-0.0076592136,-0.0174372705
2025-12-11,-0.0092074411,-0.0158290055,-0.0145952932,-0.0115405611,-0.0077548783,-0.0117134895,-0.0016838417,-0.0109370104,-0.0055196863,-0.0074142890,-0.0037828250,-0.0073987817,-0.0105899211,-0.0184622259
2025-12-12,-0.0100788888,-0.0167723879,-0.0153386524,-0.0124175924,-0.0074149725,-0.0113307641,-0.0021482148,-0.0116563404,-0.0066963720,-0.0096678584,-0.0043300213,-0.0073106477,-0.0131513815,-0.0180349994
2025-12-15,-0.0102421385,-0.0167937147,-0.0151904722,-0.0126976266,-0.0065320017,-0.0101517840,-0.0023349132,-0.0117443651,-0.0089720915,-0.0122175238,-0.0052184714,-0.0071170213,-0.0151288147,-0.0162308817
2025-12-16,-0.0096762212,-0.0158752954,-0.0141459506,-0.0123628235,-0.0051418303,-0.0082517391,-0.0022284632,-0.0111864048,-0.0119532092,-0.0145678374,-0.0061817616,-0.0068372326,-0.0163552238,-0.0132663309
2025-12-17,-0.0084282915,-0.0140759893,-0.0122692591,-0.0114459085,-0.0033325953,-0.0057751903,-0.0018482322,-0.0100209093,-0.0149594766,-0.0162106770,-0.0069282341,-0.0064723185,-0.0167256425,-0.0094725867
2025-12-18,-0.0066091665,-0.0115262520,-0.0096887641,-0.0100269803,-0.0012383631,-0.0029244255,-0.0012461284,-0.0083360661,-0.0171795477,-0.0167271253,-0.0072027076,-0.0059961174,-0.0162057556,-0.0052575521
2025-12-19,-0.0043828022,-0.0084166789,-0.0065867500,-0.0082259296,0.0009719617,0.0000579908,-0.0005009428,-0.0062618546,-0.0178727978,-0.0158649527,-0.0068338312,-0.0053527560,-0.0148341843,-0.0010603615
2025-12-22,-0.0019507113,-0.0049811122,-0.0031845396,-0.0061911879,0.0031095072,0.0029109408,0.0002901026,-0.0039582944,-0.0165640142,-0.0135798435,-0.0057586209,-0.0044635090,-0.0127183104,0.0026962503
2025-12-23,0.0004671942,-0.0014758842,0.0002756789,-0.0040858789,0.0049827290,0.0053787750,0.0010217579,-0.0016009906,-0.0131780704,-0.0100382168,-0.0040223798,-0.0032438413,-0.0100240905,0.0056505412
2025-12-24,0.0026535072,0.0018428648,0.0035507113,-0.0020726855,0.0064155157,0.0072354035,0.0015920677,0.0006346643,-0.0080778159,-0.0055875637,-0.0017585464,-0.0016286514,-0.0069608481,0.0075385473
2025-12-25,0.0044139854,0.0047416837,0.0064161515,-0.0002988716,0.0072643847,0.0083061733,0.0019134846,0.0025891497,-0.0019952074,-0.0007047699,0.0008426412,0.0003990003,-0.0037624679,0.0082192698
2025-12-26,0.0055959980,0.0070300289,0.0086843687,0.0011171247,0.0074331046,0.0084854203,0.0019226645,0.0041328699,0.0041250372,0.0040665289,0.0035664895,0.0027823182,-0.0006667192,0.0076858478
2025-12-29,0.0061029995,0.0085763354,0.0102191215,0.0020962563,0.0068832980,0.0077479495,0.0015879552,0.0051772906,0.0093271445,0.0081809018,0.0061988999,0.0053755101,0.0021054176,0.0060619105
2025-12-30,0.0059036523,0.0093184659,0.0109455456,0.0026055969,0.0056399355,0.0061532435,0.0009138114,0.0056821258,0.0128394076,0.0111532480,0.0085400433,0.0079447997,0.0043685762,0.0035839553
2025-12-31,0.0050347287,0.0092676008,0.0108546942,0.0026606043,0.0037910965,0.0038418592,-0.0000583368,0.0056579226,0.0142162488,0.0126156005,0.0104076577,0.0101888589,0.0059883283,0.0005721117
2026-01-01,0.0035975158,0.0085052539,0.0100023080,0.0023227189,0.0014819042,0.0010242010,-0.0012528929,0.0051638258,0.0133988538,0.0123666592,0.0116352169,0.0117778616,0.0068916921,-0.0026071392
2026-01-02,0.0017480663,0.0071737522,0.0085020207,0.0016925374,-0.0010969141,-0.0020374241,-0.0025663542,0.0043007678,0.0106902775,0.0104104181,0.0120722430,0.0124061076,0.0070719624,-0.0055819482
2026-01-05,-0.0003177740,0.0054611349,0.0065137112,0.0008992314,-0.0037248806,-0.0050519177,-0.0038764641,0.0032007604,0.0066633934,0.0069774868,0.0115931475,0.0118495296,0.0065875243,-0.0080151745
2026-01-06,-0.0023831357,0.0035819535,0.0042281445,0.0000872332,-0.0061706496,-0.0077256106,-0.0050534101,0.0020133354,0.0020340146,0.0025207169,0.0101174365,0.0100172775,0.0055548594,-0.0096392014
2026-01-07,-0.0042309003,0.0017558373,0.0018493677,-0.0005985245,-0.0082122355,-0.0097892101,-0.0059720180,0.0008904507,-0.0024663192,-0.0023225774,0.0076389917,0.0069865500,0.0041364697,-0.0102818750
2026-01-08,-0.0056645014,0.0001858935,-0.0004234891,-0.0010273927,-0.0096567587,-0.0110229887,-0.0065237894,-0.0000286792,-0.0061919948,-0.0068051163,0.0042571020,0.0030121012,0.0025248943,-0.0098810611
2026-01-09,-0.0065267660,-0.0009609822,-0.0024133308,-0.0010963889,-0.0103579049,-0.0112778570,-0.0066276315,-0.0006313671,-0.0086482482,-0.0101763787,0.0001986619,-0.0014939488,0.0009243234,-0.0084866758
2026-01-12,-0.0067150023,-0.0015700007,-0.0039795867,-0.0007408876,-0.0102294868,-0.0104903081,-0.0062382453,-0.0008425250,-0.0095227233,-0.0118076215,-0.0041792566,-0.0060109630,-0.0004684925,-0.0062504814
2026-01-13,-0.0061908923,-0.0015890683,-0.0050287997,0.0000584132,-0.0092538403,-0.0086897663,-0.0053513506,-0.0006319619,-0.0086958745,-0.0113130152,-0.0084140041,-0.0099807271,-0.0014823038,-0.0034052922
2026-01-14,-0.0049842477,-0.0010330717,-0.0055204316,0.0012729283,-0.0074842492,-0.0059975516,-0.0040052179,-0.0000172097,-0.0062428802,-0.0086406238,-0.0119905530,-0.0128893544,-0.0019867826,-0.0002363478
2026-01-15,-0.0031902695,0.0000185262,-0.0054674712,0.0028282786,-0.0050411321,-0.0026174390,-0.0022783244,0.0009383887,-0.0024328533,-0.0041091983,-0.0144172108,-0.0143464317,-0.0019039570,0.0029516271
2026-01-16,-0.0009605717,0.0014305197,-0.0049319333,0.0046108517,-0.0021022933,0.0011814340,-0.0002833103,0.0021321404,0.0022789288,0.0016241933,-0.0153108407,-0.0141476237,-0.0012146927,0.0058678304
2026-01-19,0.0015111742,0.0030263427,-0.0040158245,0.0064782139,0.0011119208,0.0050878427,0.0018422364,0.0034323829,0.0072777740,0.0076663154,-0.0144742283,-0.0123095075,0.0000402781,0.0082655288
2026-01-20,0.0040076074,0.0046065828,-0.0028485776,0.0082723854,0.0043572511,0.0087758819,0.0039473428,0.0046917791,0.0118481846,0.0130439568,-0.0119478265,-0.0090701346,0.0017647817,0.0099657613
2026-01-21,0.0063083075,0.0059698114,-0.0015722792,0.0098347185,0.0073862865,0.0119340455,0.0058805122,0.0057622375,0.0152696055,0.0168843120,-0.0080220934,-0.0048548151,0.0038165925,0.0108722947
2026-01-22,0.0082107192,0.0069336898,-0.0003262104,0.0110209625,0.0099695059,0.0142933458,0.0075027121,0.0065100134,0.0169406467,0.0185818252,-0.0032042944,-0.0002127256,0.0060208551,0.0109766367
2026-01-23,0.0095493777,0.0073542806,0.0007677403,0.0117150796,0.0119147262,0.0156518984,0.0086993006,0.0068295232,0.0165079872,0.0179147183,0.0018567250,0.0042650028,0.0081862656,0.0103531046
2026-01-26,0.0102116031,0.0071416680,0.0016173402,0.0118404919,0.0130832263,0.0158936999,0.0093898009,0.0066545272,0.0139662082,0.0150845001,0.0064749392,0.0080320202,0.0101225057,0.0091450841
2026-01-27,0.0101481671,0.0062703389,0.0021687517,0.0113676853,0.0134011229,0.0149998359,0.0095346324,0.0059655853,0.0096950725,0.0106688042,0.0100410731,0.0106641322,0.0116573449,0.0075445639
2026-01-28,0.0093779162,0.0047832825,0.0024109154,0.0103174375,0.0128650079,0.0130510341,0.0091381891,0.0047930439,0.0044129526,0.0054977877,0.0121238835,0.0119152063,0.0126518794,0.0057676887
2026-01-29,0.0079859102,0.0027893672,0.0023751884,0.0087593566,0.0115413810,0.0102212598,0.0082479952,0.0032152400,-0.0009533931,0.0004820258,0.0125390033,0.0117436673,0.0130125740,0.0040293776
2026-01-30,0.0061152548,0.0004542006,0.0021303342,0.0068058593,0.0095599754,0.0067628663,0.0069500333,0.0013520635,-0.0054579889,-0.0035691909,0.0113723458,0.0103070078,0.0126990880,0.0025199823
2026-02-02,0.0039534066,-0.0020146923,0.0017734273,0.0046021516,0.0071016300,0.0029845840,0.0053606937,-0.0006455344,-0.0083394534,-0.0060988065,0.0089546484,0.0079272344,0.0117272608,0.0013865342
2026-02-03,0.0017142561,-0.0043869906,0.0014176498,0.0023131567,0.0043818463,-0.0007757029,0.0036161070,-0.0026091118,-0.0091873815,-0.0068902404,0.0057938562,0.0050347572,0.0101670813,0.0007204301
2026-02-04,-0.0003823022,-0.0064311941,0.0011782725,0.0001086207,0.0016315575,-0.0041809631,0.0018598597,-0.0043681143,-0.0080266368,-0.0060768754,0.0024803498,0.0021011069,0.0081359205,0.0005525138
2026-02-05,-0.0021313652,-0.0079366864,0.0011582960,-0.0018521972,-0.0009231309,-0.0069251086,0.0002302399,-0.0057656120,-0.0052960107,-0.0040759622,-0.0004153468,-0.0004283601,0.0057877223,0.0008555619
2026-02-06,-0.0033625811,-0.0087341414,0.0014352692,-0.0034348050,-0.0030803896,-0.0087604513,-0.0011518077,-0.0066729082,-0.0017265042,-0.0014676199,-0.0024326745,-0.0021918751,0.0032991983,0.0015532800
2026-02-09,-0.0039564070,-0.0087123196,0.0020506876,-0.0045413839,-0.0046795615,-0.0095200350,-0.0021929079,-0.0070016384,0.0018477165,0.0011489382,-0.0032835195,-0.0029517419,0.0008543154,0.0025341830
2026-02-10,-0.0038555168,-0.0078296340,0.0030031232,-0.0051191996,-0.0056140188,-0.0091328069,-0.0028347370,-0.0067122093,0.0046943840,0.0032870193,-0.0028788963,-0.0026145209,-0.0013715070,0.0036682420
2026-02-11,-0.0030702695,-0.0061193556,0.0042458684,-0.0051647334,-0.0058388854,-0.0076302396,-0.0030580968,-0.0058177728,0.0063497450,0.0046629643,-0.0013200030,-0.0012312114,-0.0032260844,0.0048239907
2026-02-12,-0.0016777180,-0.0036879271,0.0056894275,-0.0047231534,-0.0053730167,-0.0051437803,-0.0028832467,-0.0043833530,0.0067049728,0.0052292297,0.0011388958,0.0010193272,-0.0045927598,0.0058838962
2026-02-13,0.0001857474,-0.0007065021,0.0072087062,-0.0038831922,-0.0042951703,-0.0018933404,-0.0023665165,-0.0025201970,0.0059949549,0.0051491491,0.0041437457,0.0038587508,-0.0053992740,0.0067561904
2026-02-16,0.0023374204,0.0026035324,0.0086542699,-0.0027679311,-0.0027348378,0.0018321539,-0.0015935739,-0.0003758768,0.0047002021,0.0047264963,0.0072971404,0.0069440399,-0.0056225104,0.0073819607
2026-02-17,0.0045657212,0.0059897236,0.0098666313,-0.0015223840,-0.0008586983,0.0057004059,-0.0006700382,0.0018789358,0.0033958677,0.0043120772,0.0102073368,0.0099041195,-0.0052888047,0.0077370238
2026-02-18,0.0066504003,0.0091906389,0.0106922009,-0.0002990749,0.0011459506,0.0093652834,0.0002896225,0.0040657787,0.0025934201,0.0042119448,0.0125239818,0.0123750640,-0.0044699101,0.0078288557
2026-02-19,0.0083835746,0.0119588246,0.0109993502,0.0007570061,0.0030891733,0.0124975850,0.0011738141,0.0060143627,0.0026176532,0.0046177121,0.0139600611,0.0140321674,-0.0032750983,0.0076895164
2026-02-20,0.0095895916,0.0140825041,0.0106929934,0.0015226262,0.0047960666,0.0148142717,0.0018850150,0.0075776906,0.0035465570,0.0055708365,0.0143039085,0.0146182500,-0.0018402094,0.0073660108
2026-02-23,0.0101418274,0.0154040042,0.0097262117,0.0019083496,0.0061224615,0.0161035337,0.0023493617,0.0086449230,0.0052200193,0.0069627022,0.0134271218,0.0139679512,-0.0003147146,0.0069097980
2026-02-24,0.0099748166,0.0158332041,0.0081076988,0.0018672418,0.0069672133,0.0162434482,0.0025236999,0.0091507920,0.0073029439,0.0085638612,0.0112934515,0.0120273824,0.0011519954,0.0063671763
2026-02-25,0.0090905584,0.0153547730,0.0059041913,0.0013994066,0.0072799861,0.0152125626,0.0023994279,0.0090806971,0.0093756143,0.0100709945,0.0079706080,0.0088676333,0.0024238479,0.0057720348
2026-02-26,0.0075583957,0.0140285463,0.0032375091,0.0005519217,0.0070638903,0.0130914767,0.0020027784,0.0084710269,0.0110222671,0.0111596448,0.0036426872,0.0046896894,0.0033896830,0.0051420128
2026-02-27,0.0055084800,0.0119830371,0.0002763430,-0.0005858185,0.0063728401,0.0100553106,0.0013915313,0.0074047045,0.0118969520,0.0115336546,-0.0013828629,-0.0001821622,0.0039722189,0.0044785215
2026-03-02,0.0031194439,0.0094027275,-0.0027765772,-0.0018909063,0.0053040066,0.0063577705,0.0006485010,0.0060024069,0.0117594207,0.0109666197,-0.0066816224,-0.0053209673,0.0041336676,0.0037704387
2026-03-03,0.0006014560,0.0065103654,-0.0057008487,-0.0032190240,0.0039862188,0.0023082846,-0.0001275432,0.0044103196,0.0104869461,0.0093344049,-0.0117387507,-0.0102328378,0.0038776037,0.0030006850
2026-03-04,-0.0018237262,0.0035459595,-0.0082768647,-0.0044186885,0.0025655431,-0.0017557031,-0.0008326142,0.0027856147,0.0080753108,0.0066393478,-0.0159985513,-0.0144064323,0.0032470403,0.0021544148
2026-03-05,-0.0039438053,0.0007444725,-0.0103047335,-0.0053462679,0.0011895325,-0.0054987613,-0.0013688288,0.0012810514,0.0046412274,0.0030258171,-0.0189339003,-0.0173718947,0.0023190078,0.0012272782
2026-03-06,-0.0055760873,-0.0016856779,-0.0116219299,-0.0058803292,-0.0000082517,-0.0086171088,-0.0016551820,0.0000301807,0.0004303261,-0.0012158059,-0.0201259840,-0.0187621679,0.0011962407,0.0002321711
2026-03-09,-0.0065848006,-0.0035812815,-0.0121180563,-0.0059339378,-0.0009218946,-0.0108651964,-0.0016366943,-0.0008654284,-0.0041761395,-0.0056621366,-0.0193398582,-0.0183676692,-0.0000031854,-0.0007969072
2026-03-10,-0.0068939397,-0.0048384173,-0.0117453324,-0.0054637217,-0.0014836006,-0.0120768658,-0.0012910046,-0.0013457214,-0.0086709551,-0.0097926340,-0.0165795015,-0.0161748824,-0.0011572622,-0.0018048394
2026-03-11,-0.0064944093,-0.0054206495,-0.0105238148,-0.0044748239,-0.0016699665,-0.0121792226,-0.0006317330,-0.0013975424,-0.0124629344,-0.0130512870,-0.0121081670,-0.0123808297,-0.0021514400,-0.0027195869
2026-03-12,-0.0054447887,-0.0053606058,-0.0085408152,-0.0030212559,-0.0015034589,-0.0111980357,0.0002917566,-0.0010553636,-0.0149590690,-0.0149310111,-0.0064257933,-0.0073785961,-0.0028889752,-0.0034603031
2026-03-13,-0.0038656441,-0.0047548377,-0.0059445099,-0.0012016021,-0.0010489927,-0.0092542543,0.0013982089,-0.0003973036,-0.0156797184,-0.0150696789,-0.0002038246,-0.0017136330,-0.0032993364,-0.0039484173
2026-03-16,-0.0019279311,-0.0037525095,-0.0029322643,0.0008495284,-0.0004060000,-0.0065520391,0.0025816115,0.0004631716,-0.0143832834,-0.0133394546,0.0058129635,0.0039843437,-0.0033439794,-0.0041202083
2026-03-17,0.0001634052,-0.0025390523,0.0002653289,0.0029735049,0.0003031684,-0.0033594744,0.0037209538,0.0013890514,-0.0111655011,-0.0099073639,0.0109203736,0.0090844097,-0.0030190611,-0.0039390412
2026-03-18,0.0021890710,-0.0013164007,0.0034033015,0.0050020025,0.0009472943,0.0000162215,0.0046916955,0.0022339399,-0.0064977226,-0.0052469273,0.0145630581,0.0130397922,-0.0023549555,-0.0034053422
2026-03-19,0.0039364291,-0.0002817520,0.0062423978,0.0067723029,0.0014013356,0.0032566876,0.0053778545,0.0028571952,-0.0011802647,-0.0000888314,0.0164163324,0.0154618476,-0.0014127291,-0.0025625685
2026-03-20,0.0052198694,0.0003930695,0.0085686286,0.0081421228,0.0015608990,0.0060610459,0.0056835572,0.0031385758,0.0037912613,0.0046882993,0.0164259454,0.0161704378,-0.0002779990,-0.0014978623
2026-03-23,0.0058985991,0.0005796283,0.0102105751,0.0090025687,0.0013546308,0.0081725647,0.0055429331,0.0029909687,0.0074231405,0.0082109837,0.0147989761,0.0152122717,0.0009471804,-0.0003367372
2026-03-24,0.0058901579,0.0002065090,0.0110529299,0.0092879955,0.0007532210,0.0094009729,0.0049273850,0.0023699543,0.0089395381,0.0097788927,0.0119492726,0.0128442353,0.0021536050,0.0007680765
2026-03-25,0.0051783686,-0.0007327727,0.0110451120,0.0089818360,-0.0002259506,0.0096384588,0.0038495084,0.0012792662,0.0079630132,0.0090119358,0.0084101837,0.0094848342,0.0032345128,0.0016526800
2026-03-26,0.0038149649,-0.0021783638,0.0102042413,0.0081178565,-0.0015190624,0.0088679922,0.0023632447,-0.0002284060,0.0046112832,0.0059420992,0.0047335937,0.0056424549,0.0040946152,0.0021612591
2026-03-27,0.0019147409,-0.0040093264,0.0086122727,0.0067767229,-0.0030210406,0.0071633246,0.0005602062,-0.0020553739,-0.0005175401,0.0010260311,0.0013960633,0.0018331197,0.0046577942,0.0021662926
2026-03-30,-0.0003553163,-0.0060550602,0.0064076202,0.0050782096,-0.0045952397,0.0046807895,-0.0014375280,-0.0040673174,-0.0064697865,-0.0049286165,-0.0012700607,-0.0014980047,0.0048728402,0.0015871692
2026-03-31,-0.0027918746,-0.0081118059,0.0037720959,0.0031697973,-0.0060867049,0.0016437766,-0.0034875111,-0.0061052871,-0.0121403629,-0.0109104047,-0.0031094855,-0.0040381699,0.0047168150,0.0004046825
2026-04-01,-0.0051745748,-0.0099626492,0.0009144069,0.0012127449,-0.0073377371,-0.0016785901,-0.0054390164,-0.0080002161,-0.0165048386,-0.0158948333,-0.0041384971,-0.0056420283,0.0041958507,-0.0013307737
2026-04-02,-0.0072869786,-0.0113990981,-0.0019482527,-0.0006330362,-0.0082042323,-0.0049965303,-0.0071460109,-0.0095885750,-0.0188223414,-0.0190379713,-0.0045075190,-0.0063356005,0.0033434415,-0.0034988362
2026-04-03,-0.0089371478,-0.0122421507,-0.0046088220,-0.0022238683,-0.0085711667,-0.0080260897,-0.0084798298,-0.0107276863,-0.0187625088,-0.0198314845,-0.0044443921,-0.0062906542,0.0022165009,-0.0059172692
2026-04-06,-0.0099758950,-0.0123608084,-0.0068875212,-0.0034455403,-0.0083656560,-0.0105145784,-0.0093403856,-0.0113092464,-0.0164325935,-0.0181865977,-0.0041937418,-0.0057762466,0.0008896504,-0.0083581485
2026-04-07,-0.0103109649,-0.0116862274,-0.0086460045,-0.0042236327,-0.0075662335,-0.0122626569,-0.0096648815,-0.0112697662,-0.0123087306,-0.0144312348,-0.0039664356,-0.0050979646,-0.0005516655,-0.0105707195
2026-04-08,-0.0099157955,-0.0102201092,-0.0097972988,-0.0045299612,-0.0062073354,-0.0131411049,-0.0094332270,-0.0105969324,-0.0070996805,-0.0092246594,-0.0039084391,-0.0045369360,-0.0020185660,-0.0123086114
2026-04-09,-0.0088320228,-0.0080364778,-0.0103107221,-0.0043845323,-0.0043784396,-0.0131008348,-0.0086696595,-0.0093312734,-0.0015850862,-0.0034123016,-0.0040918855,-0.0042998100,-0.0034259445,-0.0133584097
2026-04-10,-0.0071654919,-0.0052766178,-0.0102114611,-0.0038528399,-0.0022178074,-0.0121753593,-0.0074404271,-0.0075629591,0.0035297150,0.0021444156,-0.0045247927,-0.0044879085,-0.0046988829,-0.0135662541
2026-04-13,-0.0050761535,-0.0021375962,-0.0095749926,-0.0030387718,0.0000986927,-0.0104756371,-0.0058477543,-0.0054240219,0.0077124546,0.0067252712,-0.0051713620,-0.0050893742,-0.0057777551,-0.0128591766
2026-04-14,-0.0027628099,0.0011445934,-0.0085170225,-0.0020738167,0.0023727210,-0.0081779295,-0.0040206540,-0.0030767196,0.0106453796,0.0098635520,-0.0059732812,-0.0059933624,-0.0066216616,-0.0112583512
2026-04-15,-0.0004441649,0.0043157145,-0.0071800250,-0.0011036170,0.0044012058,-0.0055059370,-0.0021034433,-0.0006991252,0.0122171369,0.0113947162,-0.0068641277,-0.0070211472,-0.0072100079,-0.0088822397
2026-04-16,0.0016620170,0.0071258797,-0.0057177729,-0.0002731628,0.0059950552,-0.0027089981,-0.0002430270,0.0015307096,0.0124849295,0.0114390343,-0.0077730662,-0.0079662607,-0.0075422255,-0.0059387231
2026-04-17,0.0033596542,0.0093519429,-0.0042794178,0.0002879441,0.0069970924,-0.0000384624,0.0014238750,0.0034505368,0.0116290576,0.0103310034,-0.0086191093,-0.0086349031,-0.0076358009,-0.0027065612
2026-04-20,0.0044930168,0.0108176005,-0.0029946920,0.0004787367,0.0072975076,0.0022755196,0.0027823834,0.0049281651,0.0099151900,0.0085185826,-0.0093015527,-0.0088788837,-0.0075229257,0.0004921964
2026-04-21,0.0049615429,0.0114093157,-0.0019616707,0.0002373617,0.0068453298,0.0040446271,0.0037489364,0.0058728564,0.0076680664,0.0064585725,-0.0096943742,-0.0086158704,-0.0072461797,0.0033260914
2026-04-22,0.0047293866,0.0110865744,-0.0012382557,-0.0004522232,0.0056547679,0.0051385491,0.0042777364,0.0062428093,0.0052495722,0.0045308299,-0.0096516333,-0.0078350536,-0.0068537236,0.0054908122
2026-04-23,0.0038287919,0.0098855095,-0.0008381571,-0.0015579858,0.0038057400,0.0054952947,0.0043636062,0.0060480450,0.0030292517,0.0029854058,-0.0090274007,-0.0065896326,-0.0063944767,0.0067443383
2026-04-24,0.0023569672,0.0079155544,-0.0007316913,-0.0030022180,0.0014384371,0.0051248022,0.0040410361,0.0053484486,0.0013385865,0.0019262171,-0.0077085247,-0.0049800772,-0.0059137251,0.0069365791
2026-04-27,0.0004667610,0.0053494398,-0.0008512292,-0.0046683795,-0.0012576762,0.0041056640,0.0033795636,0.0042471767,0.0004103370,0.0013257031,-0.0056532113,-0.0031333919,-0.0054495205,0.0060298885
2026-04-28,-0.0016479723,0.0024074746,-0.0011006609,-0.0064117445,-0.0040595033,0.0025754454,0.0024759733,0.0028800822,0.0003164547,0.0010593938,-0.0029247072,-0.0011834556,-0.0050301240,0.0041077433
2026-04-29,-0.0037709226,-0.0006624144,-0.0013678448,-0.0080728440,-0.0067292372,0.0007156734,0.0014441015,0.0014021816,0.0009267204,0.0009482717,0.0002913819,0.0007438592,-0.0046726271,0.0013701375
2026-04-30,-0.0056840190,-0.0036070125,-0.0015387116,-0.0094924297,-0.0090348860,-0.0012669410,0.0004032513,-0.0000275306,0.0019106457,0.0007994924,0.0036948921,0.0025391821,-0.0043827520,-0.0018842848
2026-05-01,-0.0071882987,-0.0061904277,-0.0015115317,-0.0105265368,-0.0107705610,-0.0031611567,-0.0005336533,-0.0012614637,0.0027956230,0.0004405852,0.0069071023,0.0041123350,-0.0041557208,-0.0052878158
2026-05-04,-0.0081229577,-0.0082148724,-0.0012098383,-0.0110602132,-0.0117746922,-0.0047716989,-0.0012710273,-0.0021775377,0.0030771252,-0.0002535560,0.0095307548,0.0053914541,-0.0039779881,-0.0084420536
2026-05-05,-0.0083807690,-0.0095376865,-0.0005926361,-0.0110186056,-0.0119445138,-0.0059376268,-0.0017396508,-0.0026906716,0.0023575598,-0.0013394655,0.0112229925,0.0063214732,-0.0038295675,-0.0109610215
2026-05-06,-0.0079183955,-0.0100830332,0.0003392036,-0.0103743464,-0.0112454892,-0.0065468442,-0.0019029037,-0.0027605612,0.0004762096,-0.0027888215,0.0117654787,0.0068645020,-0.0036866562,-0.0125143351
2026-05-07,-0.0067606166,-0.0098472112,0.0015410776,-0.0091505311,-0.0097148016,-0.0065454380,-0.0017596303,-0.0023950175,-0.0024105652,-0.0044787869,0.0111150545,0.0070033085,-0.0035242637,-0.0128655609
2026-05-08,-0.0049980627,-0.0088971331,0.0029275746,-0.0074189988,-0.0074585700,-0.0059410587,-0.0013433840,-0.0016485586,-0.0058295805,-0.0061935638,0.0094215870,0.0067473280,-0.0033185901,-0.0119013151
2026-05-11,-0.0027786749,-0.0073621722,0.0043799665,-0.0052940723,-0.0046430204,-0.0048001557,-0.0007181587,-0.0006164110,-0.0090808647,-0.0076430236,0.0070065693,0.0061389396,-0.0030489614,-0.0096475672
2026-05-12,-0.0002937024,-0.0054202085,0.0057575764,-0.0029223443,-0.0014803898,-0.0032394855,0.0000289484,0.0005754888,-0.0114003227,-0.0085025159,0.0043049482,0.0052567508,-0.0026992023,-0.0062709606
2026-05-13,0.0022404273,-0.0032792536,0.0069119360,-0.0004694737,0.0017891811,-0.0014128668,0.0007973936,0.0017835118,-0.0121546458,-0.0084729300,0.0017814086,0.0042126828,-0.0022584126,-0.0020645955
2026-05-14,0.0046026379,-0.0011564492,0.0077023450,0.0018947612,0.0049181478,0.0005053941,0.0014841955,0.0028611062,-0.0110158275,-0.0073529574,-0.0001612804,0.0031408501,-0.0017211865,0.0025805493
2026-05-15,0.0065881766,0.0007435218,0.0080112861,0.0040117420,0.0076726226,0.0023386814,0.0019951897,0.0036738818,-0.0080658030,-0.0051085799,-0.0012619034,0.0021783391,-0.0010873762,0.0072157322
2026-05-18,0.0080280314,0.0022485257,0.0077581324,0.0057481795,0.0098521170,0.0039259974,0.0022554060,0.0041135407,-0.0037998750,-0.0019207735,-0.0014508227,0.0014404815,-0.0003615446,0.0113819173
2026-05-19,0.0088049404,0.0032356350,0.0069097293,0.0070078361,0.0113062147,0.0051378439,0.0022175241,0.0041092964,0.0009745540,0.0018065600,-0.0008593319,0.0009954347,0.0004477354,0.0146594904
2026-05-20,0.0088644706,0.0036427548,0.0054867107,0.0077397020,0.0119467091,0.0058884962,0.0018675544,0.0036356634,0.0053182994,0.0054895764,0.0002135401,0.0008441411,0.0013285838,0.0167147513
2026-05-21,0.0082201082,0.0034741102,0.0035648048,0.0079418593,0.0117541615,0.0061434990,0.0012271574,0.0027158458,0.0083725947,0.0084579162,0.0013690780,0.0009115910,0.0022664013,0.0173379564
2026-05-22,0.0069518759,0.0027990811,0.0012708593,0.0076606834,0.0107783469,0.0059217086,0.0003523440,0.0014203768,0.0095484705,0.0100844745,0.0021964115,0.0010536043,0.0032442692,0.0164685226
2026-05-25,0.0051986110,0.0017445159,-0.0012261810,0.0069854720,0.0091326156,0.0052917722,-0.0006713486,-0.0001388848,0.0086469454,0.0099255431,0.0023602143,0.0010803247,0.0042431490,0.0142043492
2026-05-26,0.0031446388,0.0004812852,-0.0037286228,0.0060390307,0.0069827515,0.0043634951,-0.0017367672,-0.0018188495,0.0058847037,0.0078389251,0.0016698930,0.0007938800,0.0052419249,0.0107939285
2026-05-27,0.0010021140,-0.0007936070,-0.0060265498,0.0049651256,0.0045314028,0.0032750656,-0.0027253928,-0.0034584346,0.0018266824,0.0040491285,0.0001165170,0.0000340272,0.0062173793,0.0066118083
2026-05-28,-0.0010092870,-0.0018776030,-0.0079160541,0.0039140138,0.0019995539,0.0021775142,-0.0035189562,-0.0048936973,-0.0027489818,-0.0008614254,-0.0021283976,-0.0012770465,0.0071442278,0.0021198291
2026-05-29,-0.0026833860,-0.0025838530,-0.0092175178,0.0030274419,-0.0003932409,0.0012180553,-0.0040113009,-0.0059734242,-0.0070139050,-0.0060400126,-0.0047493771,-0.0031005517,0.0079953465,-0.0021818176
2026-06-01,-0.0038472318,-0.0027610749,-0.0097922536,0.0024245551,-0.0024480477,0.0005240565,-0.0041193418,-0.0065736957,-0.0102393777,-0.0105161278,-0.0073483930,-0.0052662156,0.0087423157,-0.0058084737
2026-06-02,-0.0043776549,-0.0023100631,-0.0095559420,0.0021900682,-0.0040034348,0.0001893040,-0.0037920473,-0.0066100330,-0.0119030660,-0.0133885659,-0.0095163608,-0.0074822358,0.0093563644,-0.0083439773
2026-06-03,-0.0042130712,-0.0011952144,-0.0084875781,0.0023658337,-0.0049485469,0.0002639817,-0.0030165513,-0.0060459627,-0.0117399645,-0.0140069944,-0.0108993604,-0.0093710074,0.0098097464,-0.0094868605
2026-06-04,-0.0033594088,0.0005500875,-0.0066330350,0.0029466171,-0.0052312513,0.0007493957,-0.0018207675,-0.0048971697,-0.0097428495,-0.0121077445,-0.0112473795,-0.0105263792,0.0100775103,-0.0090846099
2026-06-05,-0.0018895918,0.0028247965,-0.0041028390,0.0038804843,-0.0048607077,0.0015979762,-0.0002722099,-0.0032308270,-0.0061292700,-0.0078731781,-0.0104391337,-0.0105834834,0.0101395522,-0.0071520742
2026-06-08,0.0000633690,0.0054681645,-0.0010642744,0.0050737670,-0.0039042474,0.0027185449,0.0015269230,-0.0011601452,-0.0012947262,-0.0019011650,-0.0084831081,-0.0092889753,0.0099827739,-0.0038718086
2026-06-09,0.0023190206,0.0082736264,0.0022715421,0.0064001310,-0.0024789768,0.0039862890,0.0034479831,0.0011653622,0.0042342507,0.0049083563,-0.0055005269,-0.0065585658,0.0096031194,0.0004238804
2026-06-10,0.0046666422,0.0110073257,0.0056665192,0.0077128817,-0.0007390141,0.0052563960,0.0053466974,0.0035729955,0.0098438761,0.0115242063,-0.0016990523,-0.0025103209,0.0090072334,0.0052874092
2026-06-11,0.0068853118,0.0134295477,0.0088749151,0.0088593264,0.0011403418,0.0063799208,0.0070756003,0.0058821472,0.0148799537,0.0169745634,0.0026539853,0.0025338648,0.0082134871,0.0102032892
2026-06-12,0.0087649530,0.0153170418,0.0116634331,0.0096958214,0.0029799365,0.0072202212,0.0084969365,0.0079203131,0.0187075754,0.0205169098,0.0072528143,0.0080806663,0.0072521533,0.0146433187
2026-06-15,0.0101263550,0.0164841198,0.0138303201,0.0101020572,0.0046138986,0.0076682331,0.0094948454,0.0095383435,0.0207891079,0.0217536862,0.0117673229,0.0135275255,0.0061645755,0.0181236146
2026-06-16,0.0108382569,0.0168005228,0.0152217837,0.0099932126,0.0059049506,0.0076549647,0.0099856988,0.0106235075,0.0207751214,0.0206742261,0.0158529191,0.0182450957,0.0050012664,0.0202572527
2026-06-17,0.0108298693,0.0162043505,0.0157442873,0.0093288062,0.0067564621,0.0071598662,0.0099256332,0.0111091575,0.0185903464,0.0176211873,0.0191619677,0.0216665976,0.0038189826,0.0207967268
2026-06-18,0.0100976371,0.0147088041,0.0153716558,0.0081173892,0.0071201493,0.0062141491,0.0093145735,0.0109800980,0.0144882934,0.0131961750,0.0213629540,0.0233694230,0.0026769355,0.0196615216
2026-06-19,0.0087056006,0.0124020770,0.0141463930,0.0064166173,0.0069987666,0.0048986404,0.0081963706,0.0102731738,0.0090486364,0.0081305898,0.0221710281,0.0231356715,0.0016324079,0.0169477028
2026-06-22,0.0067793190,0.0094403709,0.0121751394,0.0043286815,0.0064436375,0.0033363180,0.0066550359,0.0090730430,0.0031025368,0.0031516700,0.0213889594,0.0209820677,0.0007361379,0.0129183916
2026-06-23,0.0044939373,0.0060346626,0.0096187244,0.0019915164,0.0055473749,0.0016802231,0.0048074170,0.0075035569,-0.0024096402,-0.0011298712,0.0189521997,0.0171550941,0.0000278911,0.0079760859
2026-06-24,0.0020575310,0.0024324370,0.0066777536,-0.0004333903,0.0044326140,0.0000979321,0.0027929889,0.0057155827,-0.0066221450,-0.0042933645,0.0149674703,0.0120931484,-0.0004673373,0.0026197881
2026-06-25,-0.0003086800,-0.0011039264,0.0035750660,-0.0027754416,0.0032379610,-0.0012458610,0.0007617012,0.0038724407,-0.0089265950,-0.0061371508,0.0097326132,0.0063629288,-0.0007420716,-0.0026084245
2026-06-26,-0.0023913660,-0.0043201062,0.0005366655,-0.0048702668,0.0021026238,-0.0022068835,-0.0011390004,0.0021343490,-0.0091059569,-0.0066678053,0.0037272596,0.0005811001,-0.0008077071,-0.0071815797
2026-06-29,-0.0040053627,-0.0069920028,-0.0022271490,-0.0065745011,0.0011513061,-0.0026771342,-0.0027767879,0.0006433590,-0.0073812963,-0.0060613162,-0.0024308956,-0.0046660447,-0.0006942262,-0.0106444047
2026-06-30,-0.0050112560,-0.0089450586,-0.0045387724,-0.0077786170,0.0004809031,-0.0025973767,-0.0040455468,-0.0004897853,-0.0043546293,-0.0046100460,-0.0080618562,-0.0088928983,-0.0004481840,-0.0126621642
2026-07-01,-0.0053286002,-0.0100689482,-0.0062669122,-0.0084165950,0.0001503456,-0.0019649224,-0.0048739523,-0.0011956223,-0.0008594399,-0.0026672300,-0.0125206937,-0.0117655119,-0.0001290345,-0.0130564221
2026-07-02,-0.0049435090,-0.0103262956,-0.0073356840,-0.0084715265,0.0001746118,-0.0008357986,-0.0052307592,-0.0014518443,0.0022434569,-0.0005962681,-0.0152996260,-0.0131279738,0.0001959665,-0.0118238395
2026-07-03,-0.0039098969,-0.0097546340,-0.0077284634,-0.0079766236,0.0005234993,0.0006790475,-0.0051263572,-0.0012845231,0.0042712402,0.0012725533,-0.0161148825,-0.0130034290,0.0004578860,-0.0091359856
2026-07-06,-0.0023442530,-0.0084614686,-0.0074862729,-0.0070115513,0.0011252688,0.0024232661,-0.0046104907,-0.0007645958,0.0048717648,0.0026781105,-0.0149598868,-0.0115730039,0.0005927456,-0.0053202202
2026-07-07,-0.0004144447,-0.0066129478,-0.0067009963,-0.0056944369,0.0018747748,0.0042095197,-0.0037664067,0.0000000302,0.0040850904,0.0034576695,-0.0121121596,-0.0091387376,0.0005480555,-0.0008237784
2026-07-08,0.0016763788,-0.0044172527,-0.0055041899,-0.0041703268,0.0026452430,0.0058374625,-0.0027020267,0.0008759722,0.0023016316,0.0035677151,-0.0080904418,-0.0060778998,0.0002886196,0.0038349764
2026-07-09,0.0037092501,-0.0021043086,-0.0040526615,-0.0025971936,0.0033024843,0.0071135703,-0.0015390144,0.0017183421,0.0001338048,0.0030921508,-0.0035688208,-0.0027957912,-0.0001989907,0.0081227779
2026-07-10,0.0054703576,0.0000962380,-0.0025122712,-0.0011308289,0.0037200821,0.0078708836,-0.0004008027,0.0023858292,-0.0017589302,0.0022322147,0.0007362893,0.0003173733,-0.0009037991,0.0115490093
2026-07-13,0.0067715292,0.0019766759,-0.0010415506,0.0000899356,0.0037939819,0.0079866954,0.0005992658,0.0027554263,-0.0028415375,0.0012737778,0.0041847561,0.0029220183,-0.0017899829,0.0137183173
2026-07-14,0.0074682736,0.0033704646,0.0002232771,0.0009562749,0.0034549643,0.0073963786,0.0013685544,0.0027353652,-0.0028263375,0.0005321890,0.0063143690,0.0047558397,-0.0027987936,0.0143725966
2026-07-15,0.0074736585,0.0041672331,0.0011804562,0.0013994430,0.0026776806,0.0061018849,0.0018434990,0.0022749993,-0.0017201648,0.0002815538,0.0069068774,0.0056517162,-0.0038527886,0.0134178504
2026-07-16,0.0067667009,0.0043221413,0.0017709180,0.0013969187,0.0014852667,0.0041739472,0.0019949478,0.0013706633,0.0002073665,0.0006821835,0.0060076638,0.0055478359,-0.0048620979,0.0109331207
2026-07-17,0.0053944708,0.0038587455,0.0019818450,0.0009740449,-0.0000510166,0.0017476070,0.0018299929,0.0000669266,0.0025152026,0.0017243297,0.0038981946,0.0044908469,-0.0057322384,0.0071606575
2026-07-20,0.0034677065,0.0028651407,0.0018453343,0.0002010157,-0.0018171765,-0.0009886615,0.0013901538,-0.0015469000,0.0047086841,0.0032060283,0.0010299836,0.0026321612,-0.0063728192,0.0024785616
2026-07-21,0.0011503585,0.0014837941,0.0014324034,-0.0008144904,-0.0036664670,-0.0038093316,0.0007461312,-0.0033446901,0.0063489830,0.0047570161,-0.0020641160,0.0002167405,-0.0067063585,-0.0026409670
2026-07-22,-0.0013559407,-0.0001039062,0.0008430420,-0.0019383181,-0.0054330490,-0.0064722545,-0.0000103237,-0.0051751166,0.0071286069,0.0059100567,-0.0048623976,-0.0024367226,-0.0066763872,-0.0076830937
2026-07-23,-0.0038310018,-0.0016968578,0.0001934004,-0.0030234187,-0.0069480383,-0.0087412617,-0.0007765943,-0.0068758585,0.0069032707,0.0062081547,-0.0069330399,-0.0049649771,-0.0062540389,-0.0121458355
2026-07-24,-0.0060569755,-0.0030953184,-0.0003985154,-0.0039247025,-0.0080563993,-0.0104088128,-0.0014504159,-0.0082890487,0.0056862836,0.0053246107,-0.0079867035,-0.0069982726,-0.0054424362,-0.0155934975
2026-07-27,-0.0078390293,-0.0041217804,-0.0008271355,-0.0045137274,-0.0086330246,-0.0113165126,-0.0019410012,-0.0092764897,0.0036216438,0.0031662864,-0.0078979080,-0.0082048992,-0.0042783522,-0.0177022854
2026-07-28,-0.0090238341,-0.0046396011,-0.0010121032,-0.0046918094,-0.0085963978,-0.0113714816,-0.0021789628,-0.0097331804,0.0009532451,-0.0000686959,-0.0066975965,-0.0083375989,-0.0028308680,-0.0182932440
2026-07-29,-0.0095140979,-0.0045675613,-0.0009081999,-0.0044002895,-0.0079184412,-0.0105569204,-0.0021240398,-0.0095978557,-0.0019992694,-0.0038987500,-0.0045450346,-0.0072753660,-0.0011970088,-0.0173491215
2026-07-30,-0.0092777621,-0.0038889177,-0.0005113665,-0.0036269622,-0.0066294965,-0.0089357316,-0.0017698493,-0.0088595168,-0.0048584064,-0.0076369585,-0.0016899089,-0.0050532527,0.0005053698,-0.0150135627
2026-07-31,-0.0083509839,-0.0026540466,0.0001398269,-0.0024080399,-0.0048178392,-0.0066467002,-0.0011451766,-0.0075593136,-0.0072102828,-0.0105267148,0.0015651854,-0.0018733233,0.0021469091,-0.0115729884
2026-08-03,-0.0068346203,-0.0009763943,0.0009674564,-0.0008254493,-0.0026236442,-0.0038934342,-0.0003116553,-0.0057875751,-0.0086425433,-0.0119064454,0.0048951196,0.0019079658,0.0035975210,-0.0074234077
2026-08-04,-0.0048845506,0.0009779019,0.0018619702,0.0010002936,-0.0002278478,-0.0009269573,0.0006419593,-0.0036762469,-0.0088063517,-0.0113657946,0.0079735449,0.0058171626,0.0047376767,-0.0030260181
2026-08-05,-0.0026967583,0.0030057482,0.0026936180,0.0029209640,0.0021631502,0.0019765377,0.0016083824,-0.0013874286,-0.0074980881,-0.0088556367,0.0104877541,0.0093228562,0.0054691961,0.0011433873
2026-08-06,-0.0004885974,0.0048866883,0.0033264530,0.0047742371,0.0043355917,0.0045407786,0.0024724361,0.0009009266,-0.0047424824,-0.0047238275,0.0121524220,0.0119089002,0.0057245281,0.0046455987
2026-08-07,0.0015219735,0.0064044824,0.0036335022,0.0063987374,0.0060876318,0.0065150507,0.0031227013,0.0030108143,-0.0008492549,0.0003344973,0.0127276145,0.0131510051,0.0054736214,0.0071241857
2026-08-10,0.0031372068,0.0073686011,0.0035115607,0.0076491015,0.0072479991,0.0076979889,0.0034630513,0.0047800105,0.0035850246,0.0054032364,0.0120438737,0.0127842605,0.0047276703,0.0083417939
2026-08-11,0.0041984489,0.0076335584,0.0028940863,0.0084096239,0.0076922980,0.0079572688,0.0034229353,0.0060764503,0.0077472932,0.0095213417,0.0100328537,0.0107497797,0.0035392891,0.0082028059
2026-08-12,0.0046012882,0.0071142090,0.0017608279,0.0086051885,0.0073554023,0.0072432857,0.0029653920,0.0068098124,0.0107482347,0.0118701201,0.0067574142,0.0072115763,0.0019989834,0.0067602036
2026-08-13,0.0043055255,0.0057955117,0.0001431294,0.0082084463,0.0062387302,0.0055954420,0.0020919828,0.0069392303,0.0118073267,0.0119312685,0.0024319062,0.0025395630,0.0002281218,0.0042062418
2026-08-14,0.0033390151,0.0037357789,-0.0018757458,0.0072425542,0.0044116523,0.0031403324,0.0008441246,0.0064764194,0.0104395695,0.0095826829,-0.0025770847,-0.0027396463,-0.0016310538,0.0008483312
2026-08-17,0.0017950116,0.0010630527,-0.0041654462,0.0057792121,0.0020068175,0.0000818594,-0.0006993588,0.0054839401,0.0065941582,0.0051141767,-0.0077765197,-0.0080167388,-0.0034275561,-0.0029268869
2026-08-18,-0.0001767265,-0.0020351046,-0.0065581939,0.0039321809,-0.0007902597,-0.0033159368,-0.0024282862,0.0040687798,0.0007035304,-0.0008362122,-0.0126006537,-0.0126866124,-0.0050148698,-0.0066970662
2026-08-19,-0.0023842263,-0.0053274885,-0.0088624786,0.0018468935,-0.0037564757,-0.0067518613,-0.0042102469,0.0023718763,-0.0063772455,-0.0074074322,-0.0164871753,-0.0162338987,-0.0062640786,-0.0100503436
2026-08-20,-0.0046116222,-0.0085593446,-0.0108795789,-0.0003128581,-0.0066499500,-0.0099143292,-0.0059019850,0.0005545886,-0.0135318123,-0.0136724934,-0.0189635443,-0.0183030323,-0.0070756999,-0.0126290919
2026-08-21,-0.0066397620,-0.0114748150,-0.0124214139,-0.0023799006,-0.0092307076,-0.0125095036,-0.0073620011,-0.0012165932,-0.0196079086,-0.0187938831,-0.0197270037,-0.0187416136,-0.0073891062,-0.0141665392
2026-08-24,-0.0082671339,-0.0138396535,-0.0133280710,-0.0041989055,-0.0112813893,-0.0142882396,-0.0084632078,-0.0027856439,-0.0236520867,-0.0221479916,-0.0187011161,-0.0176106947,-0.0071886074,-0.0145124753
2026-08-25,-0.0093291182,-0.0154620940,-0.0134833583,-0.0056404226,-0.0126261282,-0.0150693456,-0.0091044630,-0.0040214260,-0.0250963993,-0.0233995270,-0.0160552376,-0.0151615950,-0.0065055521,-0.0136455743
2026-08-26,-0.0097137287,-0.0162099236,-0.0128268866,-0.0066123984,-0.0131458939,-0.0147569828,-0.0092199039,-0.0048295765,-0.0238532222,-0.0225199774,-0.0121805065,-0.0117847650,-0.0054161542,-0.0116714112
