Date,CAPE
1881.01,18.473952301404942
1881.02,18.147258164990237
1881.03,18.270119140205
1881.04,17.9501082782229
1881.05,18.8697186931526
1881.06,19.028710731115787
1881.07,18.11636718738975
1881.08,17.286243553973453
1881.09,16.724836648772907
1881.10,16.26198941118136
1881.11,16.478642316644876
1881.12,15.958754206105086
1882.01,15.678764160028749
1882.02,15.153861528363045
1882.03,15.091670299486752
1882.04,14.916997168375305
1882.05,14.567103202191763
1882.06,14.327404890131673
1882.07,15.240559761217828
1882.08,15.525429331463036
1882.09,16.081106624462322
1882.10,15.755581030526566
1882.11,15.192670313165346
1882.12,15.382128332081974
1883.01,15.27025911909858
1883.02,14.757590146176225
1883.03,15.05125412140164
1883.04,15.482067222036678
1883.05,15.335497637337072
1883.06,15.9033883885838
1883.07,15.948783127017036
1883.08,15.196810876629849
1883.09,15.494692425793462
1883.10,15.04805627022384
1883.11,15.408218142448874
1883.12,14.896403941887169
1884.01,14.432821721970726
1884.02,14.805960228816714
1884.03,14.736023454014472
1884.04,14.353453682579472
1884.05,13.465050313804904
1884.06,12.906876483666858
1884.07,13.043931585991666
1884.08,13.859813341769321
1884.09,13.569154744335725
1884.10,13.273251319134156
1884.11,13.304437602119728
1884.12,13.432292746944759
1885.01,13.12981742563596
1885.02,13.384817593597964
1885.03,13.73419409345251
1885.04,13.548548541030055
1885.05,13.711371872561935
1885.06,13.97878436869835
1885.07,14.326658777089323
1885.08,15.130410796707151
1885.09,15.116285028724239
1885.10,15.991023962168976
1885.11,16.82403449861901
1885.12,16.304475952278512
1886.01,16.692317470797644
1886.02,17.006648259460988
1886.03,16.843266101570123
1886.04,16.801716131246298
1886.05,16.86319551509782
1886.06,17.831494055376876
1886.07,17.845845041532204
1886.08,17.723912799619264
1886.09,18.14714392580002
1886.10,18.56238134286656
1886.11,18.968312634942826
1886.12,18.19405755688643
1887.01,17.512222096304942
1887.02,17.125366596972306
1887.03,17.473213711513747
1887.04,17.822983639100702
1887.05,18.075445427458234
1887.06,17.707695663272975
1887.07,17.431460535613066
1887.08,16.739849614820695
1887.09,16.676629667380134
1887.10,15.880666812517303
1887.11,15.950712201066763
1887.12,15.455513454469937
1888.01,15.3586625142599
1888.02,15.418178318820527
1888.03,14.80897236694656
1888.04,15.020108681844453
1888.05,15.387916957229123
1888.06,15.077628818434684
1888.07,15.279642515498168
1888.08,15.6029116700888
1888.09,15.987828821761413
1888.10,15.715941874329696
1888.11,15.223749016946272
1888.12,14.94674830108922
1889.01,15.802286071028155
1889.02,16.192720447848988
1889.03,16.065045360769282
1889.04,16.050104533967477
1889.05,16.915421076068373
1889.06,17.219302943947678
1889.07,16.88921449110751
1889.08,17.131853975345724
1889.09,17.350788026348592
1889.10,17.053214402955486
1889.11,16.906021170249367
1889.12,16.610338076603387
1890.01,17.2200719821819
1890.02,17.026814982671407
1890.03,16.901122288589903
1890.04,17.257854542603198
1890.05,17.78643048785862
1890.06,17.68436084445016
1890.07,17.589295440864856
1890.08,16.5967911339791
1890.09,16.169702000615302
1890.10,15.482849163344435
1890.11,14.745043493292803
1890.12,14.442991231338443
1891.01,15.428980086469098
1891.02,15.476522332432541
1891.03,15.051623357657386
1891.04,15.408945125474128
1891.05,15.566495230713254
1891.06,15.658211395638151
1891.07,15.617919238645996
1891.08,16.16399850996304
1891.09,17.711261413256533
1891.10,17.71656858982637
1891.11,17.671739174764006
1891.12,18.206303000209942
1892.01,19.016388404225275
1892.02,19.03642504097844
1892.03,19.73805484932302
1892.04,19.94326524163865
1892.05,19.911465213489812
1892.06,19.76928439713675
1892.07,19.21188643450556
1892.08,19.204303803173826
1892.09,18.694271809588205
1892.10,19.04021491532471
1892.11,18.4633126908
1892.12,18.013009251275736
1893.01,17.656643708098773
1893.02,17.12519385487245
1893.03,16.899589031582323
1893.04,17.102541578254918
1893.05,15.780987310776252
1893.06,15.41650386359769
1893.07,14.349854182760946
1893.08,14.58805653580781
1893.09,15.012069079138762
1893.10,15.271794153520187
1893.11,15.942411400571672
1893.12,15.612694335464935
1894.01,15.739869351948222
1894.02,16.202736596449924
1894.03,17.187622088121934
1894.04,17.43484907805245
1894.05,16.808751920918006
1894.06,16.606319695292523
1894.07,16.289679714916947
1894.08,16.457777072998365
1894.09,16.52231544487721
1894.10,16.502904205708422
1894.11,16.54278444744455
1894.12,16.672466333767726
1895.01,16.52444393516271
1895.02,16.331237693211403
1895.03,16.364625427174797
1895.04,16.387543823686293
1895.05,17.080369553382386
1895.06,17.207413539783385
1895.07,17.546014648740552
1895.08,18.074072547241794
1895.09,18.20033594660546
1895.10,17.944706622466473
1895.11,17.34299899192169
1895.12,16.548415156667957
1896.01,16.576224828568183
1896.02,17.515403352637268
1896.03,17.232362712298606
1896.04,17.643699378129998
1896.05,17.828266894232822
1896.06,17.77757861643046
1896.07,16.63710010339458
1896.08,15.703370546226877
1896.09,16.544339943032018
1896.10,16.438866804725894
1896.11,17.08942524237112
1896.12,16.501404180590097
1897.01,17.02652128238056
1897.02,16.894025883254095
1897.03,16.95803071672104
1897.04,16.696857434734664
1897.05,17.047755129229387
1897.06,17.850497280690607
1897.07,18.651975755820285
1897.08,19.00639601051944
1897.09,19.37237029339779
1897.10,19.02803122390242
1897.11,18.358448098050218
1897.12,18.748757662525495
1898.01,19.249000021813742
1898.02,18.918131888002133
1898.03,18.042174923468668
1898.04,17.705089426411767
1898.05,17.595635274512805
1898.06,19.544817480547977
1898.07,19.858943014167288
1898.08,20.54491517915326
1898.09,20.44273286269128
1898.10,19.947199825773644
1898.11,20.52741632481128
1898.12,21.403631985448165
1899.01,22.932807416487165
1899.02,23.048117549980187
1899.03,23.279682245508706
1899.04,23.152421525686474
1899.05,22.091269360834172
1899.06,21.21209192504682
1899.07,21.561425634523108
1899.08,21.726237373055444
1899.09,20.59114051411377
1899.10,20.153713460686603
1899.11,20.196457520802287
1899.12,18.512649643600188
1900.01,18.67427536244477
1900.02,18.703797417251423
1900.03,18.775793421238365
1900.04,18.936402033322725
1900.05,18.4031970169504
1900.06,17.99271158430397
1900.07,17.68954546895279
1900.08,18.069614666784183
1900.09,17.341874151224705
1900.10,18.102398784556044
1900.11,19.419584603760754
1900.12,20.74405116087084
1901.01,20.978581834536183
1901.02,21.679149848206176
1901.03,22.34758395068384
1901.04,24.409716994827207
1901.05,23.064012684863556
1901.06,25.23846620596033
1901.07,23.14484855370809
1901.08,23.077177713844364
1901.09,22.59046831686022
1901.10,22.252901618408917
1901.11,22.375074777652788
1901.12,21.680215141029674
1902.01,22.340290796033557
1902.02,22.459957452460397
1902.03,22.410652288217335
1902.04,22.823108698497844
1902.05,22.427954493329796
1902.06,21.963742295514624
1902.07,22.38568658940136
1902.08,23.16867183409286
1902.09,22.856566381954497
1902.10,20.604425401859803
1902.11,20.408541255072176
1902.12,19.633232126823838
1903.01,20.318132053828492
1903.02,20.10705151755281
1903.03,19.884560384872835
1903.04,18.98002260182626
1903.05,18.954858723039873
1903.06,17.81855172296851
1903.07,16.918178414766654
1903.08,16.299118790903492
1903.09,15.654359115196913
1903.10,15.25294382577884
1903.11,15.407877534297898
1903.12,16.04289414005014
1904.01,15.861833914033637
1904.02,15.021498380331435
1904.03,15.081930176258862
1904.04,15.565490611691482
1904.05,15.525820896254636
1904.06,15.474433638652656
1904.07,16.03640162962411
1904.08,16.30465197885103
1904.09,16.742600049163684
1904.10,17.633197370821396
1904.11,18.076200223770062
1904.12,18.159679118703195
1905.01,18.459852032455846
1905.02,19.168996375829824
1905.03,19.83150607421841
1905.04,19.48292752471128
1905.05,18.62948750984512
1905.06,18.73586238618353
1905.07,19.205883309548046
1905.08,19.573308430803717
1905.09,19.743492419697773
1905.10,19.897394814329523
1905.11,19.443525693264974
1905.12,19.57796080909611
1906.01,20.132402260807886
1906.02,19.866752563675885
1906.03,19.259453020854103
1906.04,18.876204996115874
1906.05,18.054044460926388
1906.06,18.172666376497496
1906.07,18.19520014351374
1906.08,18.96725147754929
1906.09,19.200993682001354
1906.10,18.095380908869096
1906.11,18.14185165400796
1906.12,17.66000366776866
1907.01,17.21891385370598
1907.02,16.217071288766153
1907.03,14.687545255978652
1907.04,14.669709905602739
1907.05,13.790107153424243
1907.06,13.144269952673204
1907.07,13.585007357961844
1907.08,12.51347160444661
1907.09,12.328569657736626
1907.10,10.831840153050607
1907.11,10.591177559189784
1907.12,11.333306235811174
1908.01,11.902968628266978
1908.02,11.554846295144795
1908.03,11.984662664464297
1908.04,12.448889158370369
1908.05,13.07845135543834
1908.06,13.051684129229992
1908.07,13.345487104834401
1908.08,13.884232895208614
1908.09,13.701442268825113
1908.10,13.690810359178707
1908.11,14.435014091256264
1908.12,14.582482908962444
1909.01,14.764418456441353
1909.02,14.167157516701367
1909.03,14.336058380586218
1909.04,14.645198603086119
1909.05,14.953509786582782
1909.06,15.040444676080996
1909.07,15.231503240497682
1909.08,15.417580706254759
1909.09,15.254446436821176
1909.10,14.988845296121767
1909.11,14.745631176824586
1909.12,14.750638489265032
1910.01,14.547885040564147
1910.02,14.002037903032697
1910.03,14.05000696507782
1910.04,13.559883620820079
1910.05,13.56879228725145
1910.06,13.019657302315936
1910.07,12.342581259985216
1910.08,12.745055150886252
1910.09,12.937161101070844
1910.10,13.918866656445813
1910.11,14.164523175780348
1910.12,13.741478417781547
1911.01,14.049215181401204
1911.02,14.721488469928303
1911.03,14.370623221979526
1911.04,14.75293542032935
1911.05,15.047660591685036
1911.06,15.328355684719275
1911.07,15.083110578700259
1911.08,13.899790665654436
1911.09,12.997953983252428
1911.10,13.066472850619185
1911.11,13.727997586413085
1911.12,13.929258419578227
1912.01,13.794952631845815
1912.02,13.531634369686591
1912.03,13.639769173944163
1912.04,13.654392690553228
1912.05,13.645500685612364
1912.06,13.78541740450252
1912.07,13.802876645015775
1912.08,13.984761763426269
1912.09,13.926285001315868
1912.10,13.905092701178463
1912.11,13.749541018606527
1912.12,13.388999452579629
1913.01,13.148088791761559
1913.02,12.682960516236754
1913.03,12.443453515183656
1913.04,12.433067081795164
1913.05,12.221401061154124
1913.06,11.491962852761224
1913.07,11.534022795459858
1913.08,11.84684054356463
1913.09,11.84331682662597
1913.10,11.471490240312292
1913.11,11.07253784503801
1913.12,11.174040870036794
1914.01,11.636092105046137
1914.02,11.910233879798243
1914.03,11.68552601883683
1914.04,11.522662536200233
1914.05,11.479008694164483
1914.06,11.428715168831888
1914.07,10.694345183040143
1914.08,10.49204626507644
1914.09,10.500497301802135
1914.10,10.612759466126226
1914.11,10.516917642992127
1914.12,10.172217991997865
1915.01,10.359834197757273
1915.02,10.329786209660694
1915.03,10.707013188682815
1915.04,11.401123789000188
1915.05,11.026929876471314
1915.06,11.154262189096343
1915.07,11.113629393949605
1915.08,11.584831641604605
1915.09,12.011570757825893
1915.10,12.54907613322016
1915.11,12.857714453559316
1915.12,12.878444602185994
1916.01,12.543563692516178
1916.02,12.354652326458801
1916.03,12.177052795748484
1916.04,11.906481776593184
1916.05,12.026256671905161
1916.06,11.995961222946578
1916.07,11.791165275254547
1916.08,11.732082638874159
1916.09,11.944552417504468
1916.10,12.045741763370795
1916.11,12.053230403230499
1916.12,11.413559188849488
1917.01,10.992361427383422
1917.02,10.063187738735722
1917.03,10.327157080107872
1917.04,9.644531197281228
1917.05,9.138988813373572
1917.06,9.148220259539574
1917.07,9.0034723772288
1917.08,8.572680466753775
1917.09,7.9508232642170595
1917.10,7.387133711108142
1917.11,6.753013604774304
1917.12,6.412593898119816
1918.01,6.640646028655347
1918.02,6.784343551630276
1918.03,6.686355760455889
1918.04,6.520727730547156
1918.05,6.582363231621077
1918.06,6.496291318641051
1918.07,6.371324093848985
1918.08,6.303073760914589
1918.09,6.149170562431676
1918.10,6.290515321191317
1918.11,6.333327495354151
1918.12,6.1345804112834275
1919.01,6.0984676399500986
1919.02,6.239692771364974
1919.03,6.356074004869138
1919.04,6.456139555819271
1919.05,6.829002261482028
1919.06,7.021615214784128
1919.07,7.052837165446308
1919.08,6.479131101705275
1919.09,6.558481672061259
1919.10,6.794704199949299
1919.11,6.46702257413313
1919.12,6.160717033799175
1920.01,5.9896677711394375
1920.02,5.455347649907771
1920.03,5.798822727557158
1920.04,5.599858725506184
1920.05,5.188950462047495
1920.06,5.04363968045162
1920.07,5.080592919540796
1920.08,5.0207010779228565
1920.09,5.297162770108058
1920.10,5.351177393424156
1920.11,5.126407930947925
1920.12,4.784241045083248
1921.01,5.122184146887372
1921.02,5.274857191205046
1921.03,5.192348158684177
1921.04,5.297085922739674
1921.05,5.609469225330775
1921.06,5.216110960989322
1921.07,5.197779361905472
1921.08,5.161294823215732
1921.09,5.37752442545826
1921.10,5.479257678053348
1921.11,5.838196993200893
1921.12,6.114158849417273
1922.01,6.28708729034713
1922.02,6.461305872696983
1922.03,6.821387249036042
1922.04,7.273253390209862
1922.05,7.59346725891938
1922.06,7.557987351755129
1922.07,7.602095045774035
1922.08,8.020030689895778
1922.09,8.265083002284307
1922.10,8.432151998761901
1922.11,7.998253772269842
1922.12,7.964679864940004
1923.01,8.154200483069156
1923.02,8.53336057906597
1923.03,8.700737500978535
1923.04,8.372809668463816
1923.05,8.00049786759821
1923.06,7.671825282673081
1923.07,7.345985119490647
1923.08,7.441783174217371
1923.09,7.458183867189795
1923.10,7.317400395621482
1923.11,7.5463279119162365
1923.12,7.809739144938748
1924.01,8.07224944603738
1924.02,8.16206622085036
1924.03,8.058077044116093
1924.04,7.923620348327981
1924.05,7.899698330665292
1924.06,8.051676946396647
1924.07,8.377712139971836
1924.08,8.71741830854833
1924.09,8.581670375209052
1924.10,8.419491035872424
1924.11,8.88832736125097
1924.12,9.310639680416376
1925.01,9.692618852254999
1925.02,9.830804722819575
1925.03,9.51853753881003
1925.04,9.47656678790307
1925.05,9.729007694021329
1925.06,9.796386180450613
1925.07,9.963993891787801
1925.08,10.110918458488944
1925.09,10.359247611348504
1925.10,10.718495997022927
1925.11,10.886317440307936
1925.12,11.147365239137256
1926.01,11.34096618850624
1926.02,11.389435672748016
1926.03,10.712352062732489
1926.04,10.395587685954734
1926.05,10.575158463806103
1926.06,11.19797974022996
1926.07,11.86969405848128
1926.08,12.488808219521882
1926.09,12.692614823344721
1926.10,12.426517521583351
1926.11,12.615251212344484
1926.12,13.009052728993128
1927.01,13.18593062867779
1927.02,13.633966132216212
1927.03,14.033257507604494
1927.04,14.48822220915706
1927.05,15.002347055737118
1927.06,15.120333481747533
1927.07,15.82080259447776
1927.08,16.86286185276381
1927.09,17.81872371351643
1927.10,17.537237852261097
1927.11,18.131301434952434
1927.12,18.646624021402538
1928.01,18.806128571700775
1928.02,18.868850519584043
1928.03,19.943417799064548
1928.04,21.257909249487504
1928.05,21.832732178740034
1928.06,20.91342157686671
1928.07,21.081905435296797
1928.08,21.76213150257924
1928.09,23.004649446159238
1928.10,23.578344239585036
1928.11,25.121984571109593
1928.12,25.301591027426145
1929.01,27.083199620832765
1929.02,27.13167279824738
1929.03,27.67574843786187
1929.04,27.56845447289829
1929.05,27.69858687500812
1929.06,27.93546783028868
1929.07,29.933289406842196
1929.08,31.480313247172997
1929.09,32.563788598776696
1929.10,28.96106716435479
1929.11,21.171036000097036
1929.12,22.007373176418334
1930.01,22.310724294336836
1930.02,23.69711774933588
1930.03,24.586607792668847
1930.04,25.84343686201831
1930.05,24.309760633908173
1930.06,21.866899333389476
1930.07,21.54879759254664
1930.08,21.300602241118145
1930.09,21.07258178844731
1930.10,18.214870154658627
1930.11,16.93971137777517
1930.12,16.055001856531323
1931.01,16.70547873154761
1931.02,18.161492436976083
1931.03,18.579561032791286
1931.04,16.87231533160967
1931.05,15.401539999110112
1931.06,15.062476074643248
1931.07,15.51675009551632
1931.08,15.006276602886542
1931.09,12.817745261106884
1931.10,11.145926407660932
1931.11,11.415600295644674
1931.12,9.30603286796832
1932.01,9.312406455177847
1932.02,9.336932251008408
1932.03,9.413065028012216
1932.04,7.192233196115487
1932.05,6.390857289881445
1932.06,5.565059371528966
1932.07,5.8387636718512015
1932.08,8.83465320518121
1932.09,9.761168564063707
1932.10,8.478606607689084
1932.11,8.463309567122899
1932.12,8.257073999100681
1933.01,8.728046162813532
1933.02,7.826051751316599
1933.03,7.87468132294317
1933.04,8.723101646068113
1933.05,11.249651251932447
1933.06,13.098875517269517
1933.07,13.754304493874528
1933.08,12.999527050367735
1933.09,12.922920614885992
1933.10,11.696253568143694
1933.11,12.011766193389935
1933.12,12.281801622601112
1934.01,13.025119828332377
1934.02,13.926922904274296
1934.03,13.254537629740083
1934.04,13.51838928449009
1934.05,12.18158323502402
1934.06,12.287726483952426
1934.07,11.741524229318243
1934.08,11.315025981829049
1934.09,10.909954083288845
1934.10,11.108352605351728
1934.11,11.448808690205706
1934.12,11.63933756647589
1935.01,11.495907968201598
1935.02,11.087812159055565
1935.03,10.398272404790031
1935.04,11.104210207149523
1935.05,11.9855766834801
1935.06,12.539519324443894
1935.07,13.202137936511013
1935.08,14.105056846668957
1935.09,14.418891702707436
1935.10,14.826232627114095
1935.11,16.129605163251146
1935.12,16.15919271461533
1936.01,17.08735984599725
1936.02,18.104536459517796
1936.03,18.66047820392603
1936.04,18.718999665151504
1936.05,17.75019251932865
1936.06,18.393001065831353
1936.07,19.36046451231914
1936.08,19.623060162983766
1936.09,19.86202424328765
1936.10,20.913091852533135
1936.11,21.499765341024176
1936.12,21.125663548155448
1937.01,21.61874158295352
1937.02,22.24422155280517
1937.03,22.042197016050583
1937.04,20.55657945743287
1937.05,19.47417468657211
1937.06,18.71165996036497
1937.07,19.646723279607635
1937.08,19.806982577380968
1937.09,16.847882862705813
1937.10,14.36165957475336
1937.11,13.15811916648607
1937.12,13.008483033706144
1938.01,13.511461918562421
1938.02,13.263076236460872
1938.03,12.377286234697689
1938.04,11.789517720684186
1938.05,11.992275930545695
1938.06,12.288966307788137
1938.07,14.770328017492071
1938.08,14.903588512604372
1938.09,14.282330508639976
1938.10,16.061147643333445
1938.11,16.149571800715513
1938.12,15.756484438994004
1939.01,15.599634410919284
1939.02,15.664696928954768
1939.03,15.729223743214222
1939.04,13.916994579812402
1939.05,14.502929499657764
1939.06,14.833828921489784
1939.07,15.270952598570252
1939.08,15.120082343333975
1939.09,16.45283557706096
1939.10,16.82120480626563
1939.11,16.599238509946638
1939.12,16.280412901283825
1940.01,16.378480342613663
1940.02,16.216119847731047
1940.03,16.172906305307887
1940.04,16.370988707128777
1940.05,14.13874769480072
1940.06,12.843765598268805
1940.07,13.369884763210054
1940.08,13.64939939239163
1940.09,14.214842598620633
1940.10,14.328290323104957
1940.11,14.636689248763604
1940.12,13.908426122353832
1941.01,13.904158267950823
1941.02,13.002943303402445
1941.03,12.955719822063324
1941.04,12.429370389220782
1941.05,12.037206512481577
1941.06,12.16430659062844
1941.07,12.744996277919581
1941.08,12.463173720387804
1941.09,12.279729272093077
1941.10,11.577814956574079
1941.11,10.911668685916965
1941.12,10.086593309917905
1942.01,10.10168643192925
1942.02,9.680255591749361
1942.03,9.003426617760969
1942.04,8.544255707588261
1942.05,8.506116259696054
1942.06,8.905456928518054
1942.07,9.150488900994741
1942.08,9.012823047564297
1942.09,9.077829839371502
1942.10,9.599176749352987
1942.11,9.661334152171657
1942.12,9.617514103283177
1943.01,10.150534220432084
1943.02,10.708982995221266
1943.03,10.850541744036803
1943.04,11.039227142939692
1943.05,11.362215800613695
1943.06,11.516744786451234
1943.07,11.774213341781659
1943.08,11.210545904158968
1943.09,11.33628193961029
1943.10,11.187335503326036
1943.11,10.631033673001422
1943.12,10.737360316041075
1944.01,11.052412763977475
1944.02,10.947918887724727
1944.03,11.224693196180686
1944.04,10.938275188239404
1944.05,11.103736936792625
1944.06,11.532785272532514
1944.07,11.738774750180724
1944.08,11.541711674209228
1944.09,11.328560584696476
1944.10,11.583105186279129
1944.11,11.478459198055482
1944.12,11.638683593355136
1945.01,11.960463439806995
1945.02,12.34175354818632
1945.03,12.323310311389331
1945.04,12.631867236563078
1945.05,13.036560628785358
1945.06,13.130223361406058
1945.07,12.867028443009163
1945.08,12.915378562256743
1945.09,13.798264951719785
1945.10,14.374662675391345
1945.11,14.847702661876786
1945.12,15.020347474739967
1946.01,15.623163177761668
1946.02,15.761666525801907
1946.03,15.134873415142533
1946.04,16.040842386215918
1946.05,16.013723170832176
1946.06,15.773186880128742
1946.07,14.508136111909069
1946.08,13.984939309942764
1946.09,11.841267540149635
1946.10,11.387602961765051
1946.11,11.110043656743292
1946.12,11.372779425862705
1947.01,11.46929633473558
1947.02,11.949565314209437
1947.03,11.287903096501283
1947.04,10.900825126392672
1947.05,10.733674273688539
1947.06,11.082715855052093
1947.07,11.696446553354363
1947.08,11.337472355329831
1947.09,10.827463017228835
1947.10,11.132662042754788
1947.11,10.975407324839074
1947.12,10.680912531969192
1948.01,10.419342657320328
1948.02,9.99976116914418
1948.03,10.186680609489674
1948.04,10.77948448202462
1948.05,11.241032697984439
1948.06,11.58389575652384
1948.07,11.13462173918093
1948.08,10.723556662478131
1948.09,10.553013689399158
1948.10,10.825409809169493
1948.11,10.248096205635571
1948.12,10.159652938900917
1949.01,10.248285758038984
1949.02,9.872517140570062
1949.03,9.901332491240925
1949.04,9.78363986754406
1949.05,9.692295086395816
1949.06,9.067718943419534
1949.07,9.605038093363927
1949.08,9.851348638079234
1949.09,9.884048361738289
1949.10,10.169850844772144
1949.11,10.215861011650645
1949.12,10.529330904131145
1950.01,10.745733299747908
1950.02,10.911564066731678
1950.03,10.91094652297625
1950.04,11.178021600956091
1950.05,11.461543104586227
1950.06,11.554126144044284
1950.07,10.53974565893099
1950.08,11.040611670261534
1950.09,11.337391102277296
1950.10,11.662444039105257
1950.11,11.542173388716293
1950.12,11.306665788890758
1951.01,11.895759839437064
1951.02,12.141507370682685
1951.03,11.84162648728309
1951.04,11.951097197083952
1951.05,11.863875406269173
1951.06,11.615664857025171
1951.07,11.778190092457802
1951.08,12.256989084145138
1951.09,12.444953157150033
1951.10,12.309457904118684
1951.11,11.852030617771039
1951.12,12.14707256810678
1952.01,12.527059748172297
1952.02,12.364119350461092
1952.03,12.362339087390364
1952.04,12.242728683266881
1952.05,12.200478761945837
1952.06,12.447881581789368
1952.07,12.66911288962248
1952.08,12.67837823632862
1952.09,12.434678020425503
1952.10,12.131183558686866
1952.11,12.473469765515304
1952.12,12.93396430616137
1953.01,13.010773447995177
1953.02,12.859346880687896
1953.03,12.834819340092494
1953.04,12.163901454006806
1953.05,12.141970791867784
1953.06,11.624407885470083
1953.07,11.750201645310002
1953.08,11.715076201734005
1953.09,11.139349357262923
1953.10,11.39193476542141
1953.11,11.644070268505768
1953.12,11.75444918402729
1954.01,12.002650554927824
1954.02,12.215052485432837
1954.03,12.42010529518997
1954.04,12.907868184060915
1954.05,13.312042238025851
1954.06,13.357885903658996
1954.07,13.833009564245327
1954.08,14.042112347320577
1954.09,14.356474143296975
1954.10,14.619231935730564
1954.11,15.117311697434392
1954.12,15.789062002327086
1955.01,15.990781062969837
1955.02,16.43772821598712
1955.03,16.219282945537795
1955.04,16.68526662806351
1955.05,16.518057827257806
1955.06,17.370091963405315
1955.07,18.45403190663288
1955.08,18.222326463047764
1955.09,18.84396065426132
1955.10,17.7723257893861
1955.11,18.835559288273906
1955.12,18.94236903581358
1956.01,18.2925853854189
1956.02,18.266116815127788
1956.03,19.371210099299965
1956.04,19.3705936345785
1956.05,18.544506591754438
1956.06,18.1581638469587
1956.07,18.85679759689679
1956.08,18.670937110186422
1956.09,17.836640796312025
1956.10,17.418952948636132
1956.11,17.120339736628257
1956.12,17.19752272556093
1957.01,16.717780078533014
1957.02,15.843733142229745
1957.03,15.900417108869172
1957.04,16.12370436021176
1957.05,16.598110789114266
1957.06,16.72991887247287
1957.07,16.8688823839798
1957.08,15.868942729452247
1957.09,15.157274488962216
1957.10,14.149451489483537
1957.11,13.736242235298485
1957.12,13.673246057951388
1958.01,13.788431552307632
1958.02,13.78490639033768
1958.03,13.92558992389294
1958.04,13.913501765262781
1958.05,14.32382496840923
1958.06,14.635555551956267
1958.07,14.957457101901136
1958.08,15.544566891165921
1958.09,15.931923184092845
1958.10,16.559803310351565
1958.11,16.98888357938633
1958.12,17.358357365369958
1959.01,17.98033934299339
1959.02,17.759169263611426
1959.03,18.20087184548564
1959.04,18.430753048783423
1959.05,18.69272143959419
1959.06,18.448591397066483
1959.07,19.090533975796518
1959.08,18.958803640750208
1959.09,18.12329055675862
1959.10,18.02196244151542
1959.11,18.071789130570206
1959.12,18.624728977900094
1960.01,18.338284994375556
1960.02,17.545275108945976
1960.03,17.286020720522153
1960.04,17.429766947597205
1960.05,17.256170578727918
1960.06,17.82336381726474
1960.07,17.376806472898114
1960.08,17.58211303957767
1960.09,17.052015467817668
1960.10,16.605104536251034
1960.11,17.146088452419015
1960.12,17.562090833957136
1961.01,18.470416986477183
1961.02,19.234014498298365
1961.03,19.844225272725577
1961.04,20.382842975754784
1961.05,20.59860684329734
1961.06,20.332414551592294
1961.07,20.14664373682732
1961.08,20.941688475215184
1961.09,20.705243044147245
1961.10,20.924190141010783
1961.11,21.85795772195966
1961.12,22.041480198382253
1962.01,21.197931400015204
1962.02,21.451687754873358
1962.03,21.443158568526215
1962.04,20.658336447649017
1962.05,19.08936749811664
1962.06,16.82757124479246
1962.07,17.141325661322785
1962.08,17.571262631045528
1962.09,17.321461147465477
1962.10,16.73982096790133
1962.11,17.85438648949715
1962.12,18.58583611843986
1963.01,19.25923169325405
1963.02,19.469191309671405
1963.03,19.288064606604834
1963.04,20.150077238226984
1963.05,20.507585864952613
1963.06,20.384149993840992
1963.07,19.969231885949636
1963.08,20.47263790052768
1963.09,20.960360090705112
1963.10,20.891344595411507
1963.11,20.72039933533971
1963.12,21.038599376737057
1964.01,21.627216196980946
1964.02,21.832670826710345
1964.03,22.16724558598264
1964.04,22.422192169737187
1964.05,22.574330769563844
1964.06,22.300288036082797
1964.07,22.98435184573841
1964.08,22.6504072929388
1964.09,22.8922219842317
1964.10,23.21215468067535
1964.11,23.225019793095836
1964.12,22.75298477278727
1965.01,23.269335081922474
1965.02,23.372068272751342
1965.03,23.25352820003485
1965.04,23.420551954771305
1965.05,23.708808308861958
1965.06,22.385342986457797
1965.07,22.30078171217444
1965.08,22.6659718459644
1965.09,23.374146831648638
1965.10,23.7757455233127
1965.11,23.925461156673727
1965.12,23.69411154910633
1966.01,24.058483388421752
1966.02,23.700027145579405
1966.03,22.61111258229001
1966.04,23.113696462615838
1966.05,21.8521779767631
1966.06,21.555253383226255
1966.07,21.381702007433418
1966.08,19.91390386400981
1966.09,19.161676250615013
1966.10,18.825409371315683
1966.11,19.711251211928968
1966.12,19.736473752791976
1967.01,20.43224212538428
1967.02,21.074443163678442
1967.03,21.443898602019107
1967.04,21.68602556674625
1967.05,21.948477389658407
1967.06,21.552097609793485
1967.07,21.80419624566637
1967.08,22.030627049126018
1967.09,22.219145488664786
1967.10,22.068199194183887
1967.11,21.263102968336284
1967.12,21.75159780872363
1968.01,21.511535896332184
1968.02,20.424992376214224
1968.03,19.9347113082957
1968.04,21.27735601567174
1968.05,21.630227142779876
1968.06,22.00462343134653
1968.07,21.75353741567094
1968.08,21.137766793617853
1968.09,21.680275633292926
1968.10,22.004606927956882
1968.11,22.19552922715815
1968.12,22.277872995434876
1969.01,21.19496807284715
1969.02,20.895729901987238
1969.03,20.202287616481655
1969.04,20.428608081932154
1969.05,20.97225827197209
1969.06,19.71334158375763
1969.07,18.68170820719276
1969.08,18.429515590207743
1969.09,18.398046344676974
1969.10,18.448662031815353
1969.11,18.437760084691043
1969.12,17.326929913742685
1970.01,17.09054139514021
1970.02,16.372586787159854
1970.03,16.531690813943616
1970.04,15.873067819354056
1970.05,13.983836060789187
1970.06,13.799691797725178
1970.07,13.726499744359767
1970.08,14.100456516815447
1970.09,14.842661145242227
1970.10,15.06418540408964
1970.11,14.950761908791737
1970.12,15.873840687205748
1971.01,16.46179394349195
1971.02,17.03453478150213
1971.03,17.40290260718888
1971.04,17.924110447959613
1971.05,17.564153279699383
1971.06,17.08316688007071
1971.07,16.889414708693366
1971.08,16.519449443051563
1971.09,16.856792547836005
1971.10,16.428862709159475
1971.11,15.638712654326648
1971.12,16.603557212925335
1972.01,17.26299679703518
1972.02,17.464147605486172
1972.03,17.805643849614935
1972.04,17.915161678498293
1972.05,17.662646200372556
1972.06,17.64085731574025
1972.07,17.39869003113817
1972.08,17.9434046880298
1972.09,17.613854552912116
1972.10,17.53318385415855
1972.11,18.338894714968056
1972.12,18.64571944207368
1973.01,18.712530467302432
1973.02,17.889889599193758
1973.03,17.41214205829034
1973.04,16.935740066050826
1973.05,16.314338759668573
1973.06,15.80832304768198
1973.07,15.889518573988786
1973.08,15.278501094706128
1973.09,15.475308601805565
1973.10,15.913516308933387
1973.11,14.651845159710575
1973.12,13.49332968620589
1974.01,13.530721892513952
1974.02,12.957321280205385
1974.03,13.310364239140158
1974.04,12.550411048540905
1974.05,11.995436947329656
1974.06,11.888498820078993
1974.07,10.39414180532705
1974.08,9.824195723141194
1974.09,8.680421305646332
1974.10,8.74498383380958
1974.11,8.948984512755601
1974.12,8.289060055923077
1975.01,8.920995508404243
1975.02,9.762246716166462
1975.03,10.163796767444033
1975.04,10.233076136605915
1975.05,10.818139119335806
1975.06,11.011354609247661
1975.07,10.902767048238575
1975.08,10.089769593328015
1975.09,9.918905356559419
1975.10,10.32759977750111
1975.11,10.435859457947892
1975.12,10.250368416256835
1976.01,11.185051362622145
1976.02,11.586092994449684
1976.03,11.631754403566505
1976.04,11.68916413220636
1976.05,11.532053585609418
1976.06,11.543841631417099
1976.07,11.757490488689905
1976.08,11.597986002509248
1976.09,11.805990949539787
1976.10,11.345696136316693
1976.11,11.248855860507957
1976.12,11.597589726582935
1977.01,11.43796134678755
1977.02,11.014841854222775
1977.03,10.895746511662736
1977.04,10.636037409141357
1977.05,10.548486693556995
1977.06,10.530023959090757
1977.07,10.567692447775407
1977.08,10.268385666710996
1977.09,10.067742820070704
1977.10,9.766666299556547
1977.11,9.766299983660202
1977.12,9.678266582535924
1978.01,9.241462260934693
1978.02,9.045263570704744
1978.03,8.950420077633899
1978.04,9.262588720866848
1978.05,9.634910728598452
1978.06,9.549678981041742
1978.07,9.425524047787363
1978.08,10.023970854003759
1978.09,9.941887473004414
1978.10,9.533608358208834
1978.11,8.928418902293155
1978.12,9.011941819133835
1979.01,9.257636919139975
1979.02,9.00374037104564
1979.03,9.070785029660769
1979.04,9.13306356621742
1979.05,8.794383289814963
1979.06,8.853937764693958
1979.07,8.82749804554237
1979.08,9.12716579721504
1979.09,9.112758990740963
1979.10,8.681843306899317
1979.11,8.518784302983562
1979.12,8.745204404669296
1980.01,8.850934180729116
1980.02,9.054476092192521
1980.03,8.0811509007855
1980.04,7.844024504719219
1980.05,8.104225807176498
1980.06,8.512077962306742
1980.07,8.880865527295844
1980.08,9.071005981618384
1980.09,9.19604013174324
1980.10,9.357841046757114
1980.11,9.65404366323339
1980.12,9.389902084921744
1981.01,9.259404530877955
1981.02,8.829899353831308
1981.03,9.081096883854626
1981.04,9.085561230788743
1981.05,8.818483466548068
1981.06,8.765340744304929
1981.07,8.44531946787551
1981.08,8.399806316566439
1981.09,7.581163051923158
1981.10,7.649141713319211
1981.11,7.810752565716109
1981.12,7.832562137141895
1982.01,7.3886599733759954
1982.02,7.181823450546732
1982.03,6.950673793536034
1982.04,7.259072625426149
1982.05,7.192612484464625
1982.06,6.6921339881975905
1982.07,6.638653100208762
1982.08,6.643422752166091
1982.09,7.398838200323308
1982.10,7.9998409945345905
1982.11,8.347476938155433
1982.12,8.467738401400482
1983.01,8.756783224134749
1983.02,8.910493436624124
1983.03,9.232829705190532
1983.04,9.531581284160417
1983.05,9.874456504668405
1983.06,10.000117903130029
1983.07,10.014475995571033
1983.08,9.728056935665215
1983.09,9.984202458028784
1983.10,10.003391799449632
1983.11,9.853581649364285
1983.12,9.815010903608675
1984.01,9.894931809202543
1984.02,9.32452964572799
1984.03,9.32674706650825
1984.04,9.305643404594832
1984.05,9.231831816896056
1984.06,9.010185512291015
1984.07,8.86830221404331
1984.08,9.623063257373177
1984.09,9.687341313628089
1984.10,9.595070703048512
1984.11,9.691973221783094
1984.12,9.595054801133465
1985.01,9.997001177730459
1985.02,10.494935172607084
1985.03,10.373217214924738
1985.04,10.397118719816826
1985.05,10.6081204678601
1985.06,10.810049845861217
1985.07,10.997563956793384
1985.08,10.738799808877284
1985.09,10.471234661697551
1985.10,10.552516982943754
1985.11,11.164611128667472
1985.12,11.6905214744676
1986.01,11.71500758448799
1986.02,12.388219099418126
1986.03,13.18902298153272
1986.04,13.552504172869483
1986.05,13.560046199232337
1986.06,13.888688626457117
1986.07,13.61999553408381
1986.08,13.887667550866057
1986.09,13.467314312977132
1986.10,13.42591886085736
1986.11,13.8729855961386
1986.12,14.085139814743306
1987.01,14.922208103718944
1987.02,15.822318142836451
1987.03,16.433343976069917
1987.04,16.196534453220874
1987.05,16.160311952655736
1987.06,16.82520730787871
1987.07,17.306004390512214
1987.08,18.326907245856333
1987.09,17.67562044993821
1987.10,15.530055563627304
1987.11,13.590885143189077
1987.12,13.389028514426958
1988.01,13.898336683569129
1988.02,14.298270962469518
1988.03,14.668946811103456
1988.04,14.433316420838935
1988.05,14.031891348027766
1988.06,14.766468647879611
1988.07,14.60831571752209
1988.08,14.244946310675644
1988.09,14.36942877614015
1988.10,14.811450153277715
1988.11,14.445530680872881
1988.12,14.702086748571986
1989.01,15.088072442713276
1989.02,15.467060462734743
1989.03,15.298969108882353
1989.04,15.686742656144576
1989.05,16.186353538544548
1989.06,16.641904235808582
1989.07,17.013407650499122
1989.08,17.734251436577313
1989.09,17.71422067897907
1989.10,17.640853852797942
1989.11,17.242369266947417
1989.12,17.65021290494732
1990.01,17.048843606878265
1990.02,16.508093516490284
1990.03,16.833748233480943
1990.04,16.81391389873576
1990.05,17.392413588645
1990.06,17.817082821653006
1990.07,17.747171587070238
1990.08,16.168334756508973
1990.09,15.301285443522621
1990.10,14.818147965500799
1990.11,15.187607599503188
1990.12,15.846314974728761
1991.01,15.606190118802362
1991.02,17.35466474520511
1991.03,17.818620083397377
1991.04,18.155345895198018
1991.05,18.035430911004056
1991.06,18.01522704468833
1991.07,18.10345234551975
1991.08,18.51225845533772
1991.09,18.35728259177433
1991.10,18.349187992001987
1991.11,18.28886816930135
1991.12,18.441652313512733
1992.01,19.773068211462647
1992.02,19.582982970386748
1992.03,19.28356186129856
1992.04,19.301229507881047
1992.05,19.662279795641695
1992.06,19.315365967644603
1992.07,19.62074069482441
1992.08,19.722137498351525
1992.09,19.708766424745303
1992.10,19.37027107690697
1992.11,19.833656038801234
1992.12,20.448606721242964
1993.01,20.323410802995706
1993.02,20.54533679290045
1993.03,20.855200148690912
1993.04,20.457362016642183
1993.05,20.517605633764862
1993.06,20.608357012960187
1993.07,20.564596413297128
1993.08,20.81222754662738
1993.09,20.993501005229124
1993.10,21.109178247475118
1993.11,21.037901189606373
1993.12,21.164732079814645
1994.01,21.411974913826533
1994.02,21.26384018731302
1994.03,20.833375889460402
1994.04,20.05525008506384
1994.05,20.196492421281445
1994.06,20.29076369067031
1994.07,20.067951816142145
1994.08,20.53554940475563
1994.09,20.57645010081886
1994.10,20.395759282410253
1994.11,20.209473020394046
1994.12,19.911484108090328
1995.01,20.219119422457297
1995.02,20.802571764332672
1995.03,21.15273730203698
1995.04,21.64273926187965
1995.05,22.19542669801995
1995.06,22.718356759520603
1995.07,23.376412691512122
1995.08,23.284070256230528
1995.09,23.94600707529986
1995.10,23.926762764083264
1995.11,24.34758688111481
1995.12,25.027380664939106
1996.01,24.762465194644022
1996.02,25.976065550593386
1996.03,25.62993039521611
1996.04,25.424203848381527
1996.05,25.814043827699027
1996.06,25.966673558333845
1996.07,24.858411332348393
1996.08,25.41252912145496
1996.09,25.680115512876768
1996.10,26.483467720897213
1996.11,27.58561204901281
1996.12,27.723946163893974
1997.01,28.33287012995038
1997.02,29.26563488357596
1997.03,28.802458591871662
1997.04,27.58516033813655
1997.05,29.92836222468879
1997.06,31.256560616381275
1997.07,32.76663768966994
1997.08,32.58628348671318
1997.09,32.66658134170863
1997.10,32.901498179798125
1997.11,32.336600532812675
1997.12,33.030789042905425
1998.01,32.85996841505224
1998.02,34.709677782269985
1998.03,36.29692773642509
1998.04,37.27693404302877
1998.05,36.956598518969
1998.06,36.802293460092024
1998.07,38.25964508524855
1998.08,35.42340102487833
1998.09,33.5323569808349
1998.10,33.77310287904814
1998.11,37.36939188392095
1998.12,38.82027478009816
1999.01,40.57695767720812
1999.02,40.40015922925996
1999.03,41.356103632712994
1999.04,42.70450951689215
1999.05,42.55667670951804
1999.06,42.180675911746924
1999.07,43.82803599280541
1999.08,41.93071215994045
1999.09,41.32345133471501
1999.10,40.55285439953987
1999.11,43.20829071461391
1999.12,44.19793976104055
2000.01,43.772578146937995
2000.02,42.18563588791731
2000.03,43.22074843996587
2000.04,43.528574288507734
2000.05,41.96605050332432
2000.06,42.78197156707144
2000.07,42.75809361826958
2000.08,42.86956549441949
2000.09,41.89800792488474
2000.10,39.36969904420137
2000.11,38.78214245678477
2000.12,37.27423800449719
2001.01,36.978867997029816
2001.02,35.83466265143129
2001.03,32.32583723617875
2001.04,32.17390116836069
2001.05,34.074643217140036
2001.06,33.06853441111277
2001.07,32.16303868744435
2001.08,31.404318760780143
2001.09,27.6673925868625
2001.10,28.577373113360103
2001.11,30.005103811056813
2001.12,30.49995325502046
2002.01,30.277204433096003
2002.02,29.085704152008432
2002.03,30.292130640918682
2002.04,29.005883253118693
2002.05,28.12810750868834
2002.06,26.387672541183363
2002.07,23.463120467431455
2002.08,23.588713528842383
2002.09,22.36503680122434
2002.10,21.95623386365909
2002.11,23.348396502725137
2002.12,23.10144253768564
2003.01,22.898348576613227
2003.02,21.21410212341529
2003.03,21.309719026990994
2003.04,22.42793957773091
2003.05,23.591080453481492
2003.06,24.83222325953107
2003.07,24.86732910126879
2003.08,24.642251409932175
2003.09,25.243686752606262
2003.10,25.682756070579693
2003.11,25.946798218420128
2003.12,26.635170511081537
2004.01,27.658540355736577
2004.02,27.650862036740214
2004.03,26.886530384035858
2004.04,26.90057750844488
2004.05,25.902814292943752
2004.06,26.401285366474905
2004.07,25.695888646268546
2004.08,25.174462226477765
2004.09,25.668406776357692
2004.10,25.41165566548933
2004.11,26.46531081481804
2004.12,27.14480869474124
2005.01,26.587250697970383
2005.02,26.744863128101183
2005.03,26.339142131057937
2005.04,25.40892256911447
2005.05,25.65023018718297
2005.06,26.068394871883996
2005.07,26.287871091254743
2005.08,26.104381410936146
2005.09,25.730122990164467
2005.10,24.876538723647954
2005.11,25.931783309069015
2005.12,26.4438031142924
2006.01,26.468702626685722
2006.02,26.249624763583295
2006.03,26.327837778667686
2006.04,26.14728094387452
2006.05,25.650640708757336
2006.06,24.74958224164637
2006.07,24.6967867668533
2006.08,25.05139356201096
2006.09,25.64415644079739
2006.10,26.538040282101722
2006.11,26.928020270856496
2006.12,27.282689787571687
2007.01,27.207536656807143
2007.02,27.315181413516612
2007.03,26.227605554650896
2007.04,26.976268314189088
2007.05,27.54849045185126
2007.06,27.4182627404106
2007.07,27.410088167204318
2007.08,26.148607189312322
2007.09,26.725743047696913
2007.10,27.32064813046202
2007.11,25.729053579498377
2007.12,25.955510105240222
2008.01,24.022317760836813
2008.02,23.49526340181178
2008.03,22.606810842249335
2008.04,23.356040643201602
2008.05,23.696432116623175
2008.06,22.41681280228194
2008.07,20.90720646266158
2008.08,21.401617360047926
2008.09,20.362733946097514
2008.10,16.387356548789832
2008.11,15.259659405704578
2008.12,15.376080747423769
2009.01,15.174651936879666
2009.02,14.122181801918897
2009.03,13.323667656863933
2009.04,14.981866453039252
2009.05,15.996355755263153
2009.06,16.384182816215343
2009.07,16.69462081699562
2009.08,18.094069801576083
2009.09,18.831902264840082
2009.10,19.358008443486845
2009.11,19.812761079966066
2009.12,20.32237650021655
2010.01,20.527859801454422
2010.02,19.920539306600446
2010.03,21.00460120971536
2010.04,21.80484559962516
2010.05,20.480068638423408
2010.06,19.74203985373946
2010.07,19.668660470717708
2010.08,19.77029917435858
2010.09,20.381395233204028
2010.10,21.24012765175942
2010.11,21.700723827760612
2010.12,22.396379773044202
2011.01,22.97829943055498
2011.02,23.48982870329852
2011.03,22.899336430143638
2011.04,23.14392944728594
2011.05,23.05949150609534
2011.06,22.100831286610997
2011.07,22.61098170115662
2011.08,20.0498527216605
2011.09,19.698114568877713
2011.10,20.15582478668875
2011.11,20.34524679764582
2011.12,20.5235754994317
2012.01,21.213008091803452
2012.02,21.797435963717533
2012.03,22.05394397290471
2012.04,21.779246906824895
2012.05,20.94146741974348
2012.06,20.547504086856094
2012.07,20.999341293380567
2012.08,21.410428453442936
2012.09,21.78369030172768
2012.10,21.577109654528783
2012.11,20.898162059573693
2012.12,21.23826113984561
2013.01,21.90047541382181
2013.02,22.05272433686194
2013.03,22.419207114602575
2013.04,22.59565539610559
2013.05,23.411841781842398
2013.06,22.925333173915323
2013.07,23.492460177159632
2013.08,23.35664909491609
2013.09,23.442287167960597
2013.10,23.83473788763143
2013.11,24.642077092412055
2013.12,24.86186929646193
2014.01,24.859609093632706
2014.02,24.590930877894124
2014.03,24.956039153965378
2014.04,24.786315396962625
2014.05,24.94327410990258
2014.06,25.558007623511287
2014.07,25.81754597615873
2014.08,25.61760642179939
2014.09,25.918436892606188
2014.10,25.16274828308325
2014.11,26.606817147143413
2014.12,26.794085482572548
2015.01,26.49229542038312
2015.02,26.99551369938324
2015.03,26.728605452928477
2015.04,26.791371680192317
2015.05,26.806111379650815
2015.06,26.495895292784844
2015.07,26.381136336399692
2015.08,25.693658417057698
2015.09,24.49675217048643
2015.10,25.49144104606675
2015.11,26.225851890971935
2015.12,25.965424037124183
2016.01,24.20616720387848
2016.02,24.002606777289763
2016.03,25.372298620187912
2016.04,25.922337543673887
2016.05,25.694709923449974
2016.06,25.840372927670515
2016.07,26.694003256096313
2016.08,26.948872433723878
2016.09,26.72787334647855
2016.10,26.5251430850706
2016.11,26.850953531056273
2016.12,27.865098223923543
2017.01,28.063573742124472
2017.02,28.655106525184145
2017.03,29.086921742464657
2017.04,28.904245956275176
2017.05,29.313344980271445
2017.06,29.748503240632765
2017.07,30.00222074401857
2017.08,29.914959397497494
2017.09,30.168114410678907
2017.10,30.920393290333838
2017.11,31.298913333880268
2017.12,32.08613200770599
2018.01,33.30734382803066
2018.02,32.03538233925029
2018.03,31.80840905764312
2018.04,30.970179293325227
2018.05,31.24361507486461
2018.06,31.630556496454606
2018.07,31.886366962158984
2018.08,32.390276880301116
2018.09,32.622891120500185
2018.10,31.037961078006497
2018.11,30.19558340670524
2018.12,28.29185701207287
2019.01,28.380164463547583
2019.02,29.541548965131213
2019.03,29.576196014784827
2019.04,30.133517171387524
2019.05,29.24203093693986
2019.06,29.283796275306273
2019.07,29.986685335042523
2019.08,28.70539737183308
2019.09,29.229520233035284
2019.10,28.841122881953403
2019.11,29.83686765908343
2019.12,30.331822322243294
2020.01,30.9852203002307
2020.02,30.729689264735754
2020.03,24.817168629099424
2020.04,25.92735882528017
2020.05,27.328480997698463
2020.06,28.838315955122845
2020.07,29.599194927667003
2020.08,31.158208965355232
2020.09,30.839426043811258
2020.10,31.283694032592848
2020.11,32.47320409661258
2020.12,33.765591418117104
2021.01,34.512432294106915
2021.02,35.10390717196982
2021.03,35.04254511219207
2021.04,36.71981410913301
2021.05,36.552133989799074
2021.06,36.69625801308836
2021.07,37.443383184615385
2021.08,37.97350061407048
2021.09,37.62034668665119
2021.10,37.2530250003253
2021.11,38.582627497719216
2021.12,38.304849873467454
2022.01,36.93675807029746
2022.02,35.28714922569487
2022.03,34.270798693291724
2022.04,33.889164755913846
2022.05,30.673155079545133
2022.06,29.047721395103842
2022.07,29.004618317208937
2022.08,30.698763365175292
2022.09,28.229884655821973
2022.10,27.0807669254007
2022.11,28.378949016273324
2022.12,28.3169012845273
2023.01,28.334813423755698
2023.02,28.919762943866647
2023.03,27.938131253997906
2023.04,28.764841267615385
2023.05,28.76205134313125
2023.06,29.940031645987506
2023.07,30.891659813659942
2023.08,30.304748245365225
2023.09,29.799681861350248
2023.10,28.76905495498398
2023.11,30.013224817381488
2023.12,31.452310923844582
2024.01,32.04512301259602
2024.02,33.037192685599045
2024.03,33.75492017640601
2024.04,33.14159303076981
2024.05,33.77363454011198
2024.06,34.81054878004299
2024.07,35.44355307890724
2024.08,34.919631348614786
2024.09,35.66018363515213
2024.10,36.587210527930154
2024.11,37.350195655078785
2024.12,37.71119169643464
2025.01,37.12921985219891
2025.02,37.18717559369689
2025.03,34.784750339850746
2025.04,32.62127034111354
2025.05,35.076697043727634
2025.06,36.111092133696914
2025.07,37.47424619164658
2025.08,37.84614504488177
2025.09,38.58038732538844
2025.10,39.20569217112651
2025.11,39.141714873166265
2025.12,39.55791838682827
2026.01,39.59357649771679
2026.02,38.943009834560485
2026.03,36.93975903433763
2026.04,38.14261796483419
2026.05,39.583505867263725
